Date,Open,High,Low,Close,Adj Close,Volume,Dividends,Stock Splits
2021-02-08 00:00:00+08:00,2337.0,2378.8798828125,2313.0,2368.800048828125,2076.218994140625,3578573,0.0,0.0
2021-02-09 00:00:00+08:00,2368.800048828125,2456.429931640625,2350.0,2456.429931640625,2153.02490234375,3329655,0.0,0.0
2021-02-10 00:00:00+08:00,2485.0,2601.199951171875,2485.0,2601.0,2279.738037109375,6137057,0.0,0.0
2021-02-18 00:00:00+08:00,2587.97998046875,2627.8798828125,2465.0,2471.0,2165.795166015625,6591232,0.0,0.0
2021-02-19 00:00:00+08:00,2451.159912109375,2496.659912109375,2381.60009765625,2460.0,2156.154052734375,5938546,0.0,0.0
2021-02-22 00:00:00+08:00,2455.0,2455.0,2278.219970703125,2288.02001953125,2005.4163818359375,7893547,0.0,0.0
2021-02-23 00:00:00+08:00,2288.02001953125,2344.889892578125,2265.0,2307.0,2022.0513916015625,5745460,0.0,0.0
2021-02-24 00:00:00+08:00,2307.989990234375,2310.0,2160.5,2189.0,1918.626708984375,8211578,0.0,0.0
2021-02-25 00:00:00+08:00,2209.0,2224.5,2121.2099609375,2150.0,1884.4432373046875,5972643,0.0,0.0
2021-02-26 00:00:00+08:00,2100.0,2179.949951171875,2067.300048828125,2122.780029296875,1860.585693359375,6652506,0.0,0.0
2021-03-01 00:00:00+08:00,2160.0,2177.639892578125,2120.0,2158.0,1891.4556884765625,4491626,0.0,0.0
2021-03-02 00:00:00+08:00,2180.0,2180.0,2033.0,2058.0,1803.806884765625,7076450,0.0,0.0
2021-03-03 00:00:00+08:00,2040.0,2149.77001953125,2033.0,2140.0,1875.6787109375,5421546,0.0,0.0
2021-03-04 00:00:00+08:00,2095.0,2096.0,2010.0999755859375,2033.0,1781.894775390625,6508829,0.0,0.0
2021-03-05 00:00:00+08:00,2000.0,2095.0,1988.0,2060.110107421875,1805.65625,6377920,0.0,0.0
2021-03-08 00:00:00+08:00,2074.9599609375,2085.0,1960.0,1960.0,1717.9112548828125,6309959,0.0,0.0
2021-03-09 00:00:00+08:00,1955.0,2000.0,1900.1800537109375,1936.989990234375,1697.743408203125,8226581,0.0,0.0
2021-03-10 00:00:00+08:00,1977.0,1999.8699951171875,1967.0,1970.010009765625,1726.6849365234375,5117174,0.0,0.0
2021-03-11 00:00:00+08:00,1976.989990234375,2079.989990234375,1961.47998046875,2048.0,1795.0418701171875,5676897,0.0,0.0
2021-03-12 00:00:00+08:00,2070.0,2077.0,2002.010009765625,2026.0,1775.7591552734375,4032251,0.0,0.0
2021-03-15 00:00:00+08:00,2050.0,2069.800048828125,1951.1500244140625,1975.449951171875,1731.452880859375,6248487,0.0,0.0
2021-03-16 00:00:00+08:00,1972.800048828125,2019.989990234375,1965.0,2010.5,1762.173583984375,3464850,0.0,0.0
2021-03-17 00:00:00+08:00,2000.0,2050.0,1976.010009765625,2030.3599853515625,1779.580810546875,3137491,0.0,0.0
2021-03-18 00:00:00+08:00,2043.6099853515625,2086.360107421875,2039.0,2069.699951171875,1814.0615234375,3386488,0.0,0.0
2021-03-19 00:00:00+08:00,2035.0,2036.050048828125,1992.22998046875,2010.0,1761.735595703125,3578077,0.0,0.0
2021-03-22 00:00:00+08:00,2000.0999755859375,2026.0899658203125,1955.550048828125,1989.989990234375,1744.197021484375,3691407,0.0,0.0
2021-03-23 00:00:00+08:00,1998.8800048828125,2008.800048828125,1970.0,1996.0,1749.46484375,2744619,0.0,0.0
2021-03-24 00:00:00+08:00,1981.0,2013.0,1981.0,1989.0,1743.3292236328125,2935739,0.0,0.0
2021-03-25 00:00:00+08:00,1970.010009765625,1988.8800048828125,1946.800048828125,1971.0,1727.552734375,3157523,0.0,0.0
2021-03-26 00:00:00+08:00,1985.0,2022.0,1958.0,2013.0,1764.3651123046875,5001642,0.0,0.0
2021-03-29 00:00:00+08:00,2043.199951171875,2096.35009765625,2026.1500244140625,2034.0999755859375,1782.8587646484375,5699220,0.0,0.0
2021-03-30 00:00:00+08:00,2040.0,2086.0,2035.0799560546875,2056.050048828125,1802.0980224609375,3262697,0.0,0.0
2021-03-31 00:00:00+08:00,2045.0999755859375,2046.02001953125,2000.0,2009.0,1760.859130859375,3715441,0.0,0.0
2021-04-01 00:00:00+08:00,2024.0,2046.800048828125,2001.219970703125,2044.5,1791.9742431640625,2658763,0.0,0.0
2021-04-02 00:00:00+08:00,2056.0,2165.0,2056.0,2162.0,1894.961181640625,5202757,0.0,0.0
2021-04-06 00:00:00+08:00,2161.0,2161.97998046875,2102.300048828125,2126.030029296875,1863.4342041015625,3274177,0.0,0.0
2021-04-07 00:00:00+08:00,2104.06005859375,2117.300048828125,2050.0,2061.0,1806.4364013671875,4020097,0.0,0.0
2021-04-08 00:00:00+08:00,2047.030029296875,2079.0,2044.0,2070.0,1814.32470703125,2854762,0.0,0.0
2021-04-09 00:00:00+08:00,2042.0,2054.0,2005.010009765625,2020.0,1770.5003662109375,2880886,0.0,0.0
2021-04-12 00:00:00+08:00,2011.0,2030.0,1991.699951171875,2008.8900146484375,1760.7628173828125,3194307,0.0,0.0
2021-04-13 00:00:00+08:00,2020.0,2049.800048828125,2009.0,2021.0,1771.376953125,2899215,0.0,0.0
2021-04-14 00:00:00+08:00,2035.0,2048.0,2016.0,2047.0,1794.1656494140625,2411465,0.0,0.0
2021-04-15 00:00:00+08:00,2030.9000244140625,2046.9000244140625,1990.0,2015.5999755859375,1766.6439208984375,3436621,0.0,0.0
2021-04-16 00:00:00+08:00,2025.0799560546875,2068.0,2012.0,2054.97998046875,1801.159912109375,3029370,0.0,0.0
2021-04-19 00:00:00+08:00,2055.0,2098.360107421875,2033.0,2088.0,1830.1015625,3175391,0.0,0.0
2021-04-20 00:00:00+08:00,2071.10009765625,2129.0,2070.0,2094.800048828125,1836.061767578125,2829037,0.0,0.0
2021-04-21 00:00:00+08:00,2076.0,2097.800048828125,2065.10009765625,2080.0,1823.089599609375,2614975,0.0,0.0
2021-04-22 00:00:00+08:00,2089.89990234375,2099.0,2051.5,2055.5,1801.61572265625,2685002,0.0,0.0
2021-04-23 00:00:00+08:00,2055.969970703125,2119.8798828125,2052.5,2108.93994140625,1848.4549560546875,3346277,0.0,0.0
2021-04-26 00:00:00+08:00,2132.0,2135.0,2073.60009765625,2077.820068359375,1821.1787109375,3404511,0.0,0.0
2021-04-27 00:00:00+08:00,2087.080078125,2095.25,2065.090087890625,2094.43994140625,1835.7459716796875,2210785,0.0,0.0
2021-04-28 00:00:00+08:00,2010.0,2047.5,2003.0,2042.0,1789.7830810546875,8134295,0.0,0.0
2021-04-29 00:00:00+08:00,2047.0400390625,2049.93994140625,2014.0,2026.3599853515625,1776.074951171875,4128378,0.0,0.0
2021-04-30 00:00:00+08:00,2026.0,2036.0,2003.7099609375,2006.780029296875,1758.9132080078125,3840137,0.0,0.0
2021-05-06 00:00:00+08:00,2000.0,2006.8399658203125,1953.0,1959.0,1717.0347900390625,5354614,0.0,0.0
2021-05-07 00:00:00+08:00,1965.0,1967.97998046875,1901.0,1903.0,1667.951416015625,5249339,0.0,0.0
2021-05-10 00:00:00+08:00,1900.0,1909.0,1866.010009765625,1879.030029296875,1646.9425048828125,4600318,0.0,0.0
2021-05-11 00:00:00+08:00,1876.0,1966.0,1873.300048828125,1959.0,1717.0347900390625,4249412,0.0,0.0
2021-05-12 00:00:00+08:00,1949.0799560546875,1999.0,1949.0,1984.0,1738.9468994140625,3269887,0.0,0.0
2021-05-13 00:00:00+08:00,1965.75,1985.050048828125,1953.0,1971.5,1727.990966796875,2507751,0.0,0.0
2021-05-14 00:00:00+08:00,1982.0,2030.5,1976.0,2009.8499755859375,1761.604248046875,3561129,0.0,0.0
2021-05-17 00:00:00+08:00,2025.0999755859375,2085.199951171875,2025.0999755859375,2057.9599609375,1803.771728515625,4452400,0.0,0.0
2021-05-18 00:00:00+08:00,2065.0,2077.0,2045.06005859375,2059.31005859375,1804.9552001953125,1750428,0.0,0.0
2021-05-19 00:00:00+08:00,2059.0,2074.81005859375,2040.0,2049.0,1795.91845703125,2240972,0.0,0.0
2021-05-20 00:00:00+08:00,2074.0,2074.10009765625,2045.3599853515625,2058.8798828125,1804.5780029296875,2185716,0.0,0.0
2021-05-21 00:00:00+08:00,2055.080078125,2079.8798828125,2037.02001953125,2042.0999755859375,1789.87060546875,2424823,0.0,0.0
2021-05-24 00:00:00+08:00,2051.0,2080.06005859375,2031.0,2071.2900390625,1815.4554443359375,3254808,0.0,0.0
2021-05-25 00:00:00+08:00,2085.0,2200.10009765625,2085.0,2194.5,1923.447509765625,6775695,0.0,0.0
2021-05-26 00:00:00+08:00,2207.97998046875,2241.800048828125,2193.080078125,2220.0,1945.797607421875,3860420,0.0,0.0
2021-05-27 00:00:00+08:00,2211.02001953125,2320.0,2201.10009765625,2245.0,1967.7098388671875,4537338,0.0,0.0
2021-05-28 00:00:00+08:00,2240.969970703125,2250.0,2205.510009765625,2230.0,1954.5625,2580731,0.0,0.0
2021-05-31 00:00:00+08:00,2215.5,2218.35009765625,2172.0,2218.0,1944.04443359375,3173900,0.0,0.0
2021-06-01 00:00:00+08:00,2222.0,2248.949951171875,2206.0,2240.949951171875,1964.159912109375,3061634,0.0,0.0
2021-06-02 00:00:00+08:00,2250.0,2264.0,2208.179931640625,2222.0,1947.55029296875,2286277,0.0,0.0
2021-06-03 00:00:00+08:00,2220.0,2260.340087890625,2210.080078125,2222.219970703125,1947.7431640625,2345031,0.0,0.0
2021-06-04 00:00:00+08:00,2215.0,2288.0,2214.0400390625,2251.5,1973.4068603515625,3142219,0.0,0.0
2021-06-07 00:00:00+08:00,2265.0,2279.0,2240.010009765625,2271.0,1990.4984130859375,2546627,0.0,0.0
2021-06-08 00:00:00+08:00,2260.0,2279.989990234375,2161.14990234375,2191.0,1920.3795166015625,4731363,0.0,0.0
2021-06-09 00:00:00+08:00,2192.0,2214.0,2160.110107421875,2199.5,1927.8294677734375,2550235,0.0,0.0
2021-06-10 00:00:00+08:00,2195.0,2251.3701171875,2190.080078125,2238.47998046875,1961.9951171875,2556663,0.0,0.0
2021-06-11 00:00:00+08:00,2239.0,2244.0,2178.81005859375,2178.81005859375,1909.6953125,3397066,0.0,0.0
2021-06-15 00:00:00+08:00,2195.10009765625,2208.8798828125,2148.0,2193.0,1922.1322021484375,2936130,0.0,0.0
2021-06-16 00:00:00+08:00,2192.0,2195.0,2148.0,2158.0,1891.4556884765625,2759315,0.0,0.0
2021-06-17 00:00:00+08:00,2155.64990234375,2188.0,2144.360107421875,2156.909912109375,1890.5001220703125,2106753,0.0,0.0
2021-06-18 00:00:00+08:00,2147.0,2156.5,2065.0,2090.93994140625,1832.6783447265625,5402821,0.0,0.0
2021-06-21 00:00:00+08:00,2085.0,2099.68994140625,2050.0,2081.639892578125,1824.52685546875,3548826,0.0,0.0
2021-06-22 00:00:00+08:00,2092.0,2098.0,2053.889892578125,2074.969970703125,1818.6807861328125,3322818,0.0,0.0
2021-06-23 00:00:00+08:00,2080.0,2083.0,2034.1500244140625,2038.0,1786.2772216796875,3707901,0.0,0.0
2021-06-24 00:00:00+08:00,2040.010009765625,2080.0,2021.0,2068.050048828125,1812.615478515625,3147370,0.0,0.0
2021-06-25 00:00:00+08:00,2049.9599609375,2109.0,2042.5999755859375,2092.0,1850.8741455078125,3587543,19.293,0.0
2021-06-28 00:00:00+08:00,2100.0,2118.0,2073.0,2103.010009765625,1860.6153564453125,2745242,0.0,0.0
2021-06-29 00:00:00+08:00,2108.0,2115.0,2051.0,2062.0,1824.3321533203125,3303063,0.0,0.0
2021-06-30 00:00:00+08:00,2065.0,2074.0,2046.300048828125,2056.699951171875,1819.6429443359375,2191566,0.0,0.0
2021-07-01 00:00:00+08:00,2059.969970703125,2110.0,2031.5999755859375,2105.0,1862.3760986328125,3370124,0.0,0.0
2021-07-02 00:00:00+08:00,2075.0,2075.0,2011.5,2013.0,1780.97998046875,4627531,0.0,0.0
2021-07-05 00:00:00+08:00,2000.0,2019.8800048828125,1985.0,1994.0,1764.169921875,3442095,0.0,0.0
2021-07-06 00:00:00+08:00,1995.0,2014.0,1960.010009765625,2012.9000244140625,1780.891357421875,3528251,0.0,0.0
2021-07-07 00:00:00+08:00,2010.0,2028.8800048828125,1999.010009765625,2004.0,1773.017333984375,2812212,0.0,0.0
2021-07-08 00:00:00+08:00,2000.0999755859375,2004.0,1968.0,1985.0,1756.207275390625,3551669,0.0,0.0
2021-07-09 00:00:00+08:00,1964.52001953125,1985.9100341796875,1945.0,1972.1099853515625,1744.8028564453125,3090790,0.0,0.0
2021-07-12 00:00:00+08:00,1975.550048828125,1998.780029296875,1940.5,1961.0,1734.9736328125,3901024,0.0,0.0
2021-07-13 00:00:00+08:00,1968.0,2005.5,1965.0,1982.9000244140625,1754.3492431640625,2992471,0.0,0.0
2021-07-14 00:00:00+08:00,1974.0,1974.5,1945.0,1962.0,1735.8582763671875,3077069,0.0,0.0
2021-07-15 00:00:00+08:00,1955.02001953125,2013.0,1950.5999755859375,1997.989990234375,1767.7000732421875,4219005,0.0,0.0
2021-07-16 00:00:00+08:00,1980.0,1996.5999755859375,1950.0,1955.9000244140625,1730.461181640625,3540764,0.0,0.0
2021-07-19 00:00:00+08:00,1955.8900146484375,1986.0,1941.0,1975.0,1747.3597412109375,3005234,0.0,0.0
2021-07-20 00:00:00+08:00,1975.0,1988.9300537109375,1961.4100341796875,1980.0,1751.783447265625,2347521,0.0,0.0
2021-07-21 00:00:00+08:00,1989.0,2006.0,1962.010009765625,1969.0,1742.051513671875,2978013,0.0,0.0
2021-07-22 00:00:00+08:00,1960.0,1973.9000244140625,1938.9599609375,1940.010009765625,1716.4027099609375,3909047,0.0,0.0
2021-07-23 00:00:00+08:00,1937.8199462890625,1937.8199462890625,1895.0899658203125,1900.0,1681.00439453125,4758547,0.0,0.0
2021-07-26 00:00:00+08:00,1879.0,1879.0,1780.0,1804.1099853515625,1596.1668701171875,9861948,0.0,0.0
2021-07-27 00:00:00+08:00,1803.0,1810.0,1703.0,1712.8900146484375,1515.4608154296875,8657699,0.0,0.0
2021-07-28 00:00:00+08:00,1703.0,1788.199951171875,1682.1199951171875,1768.9000244140625,1565.01513671875,8536884,0.0,0.0
2021-07-29 00:00:00+08:00,1810.010009765625,1823.0,1734.3399658203125,1749.7900390625,1548.10791015625,6386385,0.0,0.0
2021-07-30 00:00:00+08:00,1725.0,1725.0,1657.760009765625,1678.989990234375,1485.46826171875,7773589,0.0,0.0
2021-08-02 00:00:00+08:00,1664.0,1755.97998046875,1620.719970703125,1755.0,1552.7171630859375,9740065,0.0,0.0
2021-08-03 00:00:00+08:00,1730.0,1768.989990234375,1688.800048828125,1749.300048828125,1547.6741943359375,5437475,0.0,0.0
2021-08-04 00:00:00+08:00,1734.06005859375,1760.0,1718.0,1724.0,1525.2904052734375,3817549,0.0,0.0
2021-08-05 00:00:00+08:00,1692.8800048828125,1745.0,1676.3599853515625,1699.0,1503.171875,4805969,0.0,0.0
2021-08-06 00:00:00+08:00,1689.0,1694.010009765625,1646.5999755859375,1671.0,1478.3992919921875,4568610,0.0,0.0
2021-08-09 00:00:00+08:00,1651.0,1709.0,1650.0,1693.800048828125,1498.5714111328125,4769775,0.0,0.0
2021-08-10 00:00:00+08:00,1700.0,1802.8800048828125,1675.0,1799.0,1591.645751953125,8328505,0.0,0.0
2021-08-11 00:00:00+08:00,1780.010009765625,1785.010009765625,1750.010009765625,1750.5,1548.73583984375,3866259,0.0,0.0
2021-08-12 00:00:00+08:00,1732.0,1749.0,1686.18994140625,1690.0,1495.209228515625,4755097,0.0,0.0
2021-08-13 00:00:00+08:00,1690.0,1713.0,1679.0,1700.0400390625,1504.0919189453125,3790452,0.0,0.0
2021-08-16 00:00:00+08:00,1696.0,1713.5999755859375,1685.0799560546875,1699.199951171875,1503.3486328125,2805697,0.0,0.0
2021-08-17 00:00:00+08:00,1700.0,1700.0,1628.8800048828125,1635.0,1446.5487060546875,6120077,0.0,0.0
2021-08-18 00:00:00+08:00,1624.6600341796875,1642.989990234375,1600.0,1620.0,1433.2774658203125,5997026,0.0,0.0
2021-08-19 00:00:00+08:00,1622.219970703125,1643.199951171875,1600.0,1619.969970703125,1433.2508544921875,4129195,0.0,0.0
2021-08-20 00:00:00+08:00,1555.1700439453125,1597.550048828125,1525.5,1548.0,1369.5762939453125,11454454,0.0,0.0
2021-08-23 00:00:00+08:00,1537.8800048828125,1599.0,1536.77001953125,1570.18994140625,1389.2086181640625,7159720,0.0,0.0
2021-08-24 00:00:00+08:00,1575.0,1642.550048828125,1565.77001953125,1625.1800537109375,1437.8604736328125,7259447,0.0,0.0
2021-08-25 00:00:00+08:00,1647.6400146484375,1680.8699951171875,1643.0,1665.02001953125,1473.1083984375,5423890,0.0,0.0
2021-08-26 00:00:00+08:00,1664.989990234375,1664.989990234375,1594.719970703125,1595.0,1411.158935546875,5402037,0.0,0.0
2021-08-27 00:00:00+08:00,1589.0,1625.0,1584.0999755859375,1596.030029296875,1412.0703125,3609545,0.0,0.0
2021-08-30 00:00:00+08:00,1605.0,1613.0,1545.949951171875,1586.0,1403.1961669921875,5158770,0.0,0.0
2021-08-31 00:00:00+08:00,1589.800048828125,1616.3499755859375,1555.0999755859375,1558.0,1378.423583984375,4367709,0.0,0.0
2021-09-01 00:00:00+08:00,1559.0,1634.989990234375,1531.0999755859375,1622.010009765625,1435.0557861328125,7731610,0.0,0.0
2021-09-02 00:00:00+08:00,1632.989990234375,1643.0,1600.8900146484375,1618.800048828125,1432.2156982421875,4283679,0.0,0.0
2021-09-03 00:00:00+08:00,1610.02001953125,1659.7900390625,1582.0,1658.219970703125,1467.092041015625,5283518,0.0,0.0
2021-09-06 00:00:00+08:00,1649.0,1708.1600341796875,1626.1500244140625,1670.6700439453125,1478.107421875,5533806,0.0,0.0
2021-09-07 00:00:00+08:00,1661.030029296875,1684.47998046875,1651.0,1669.0,1476.629638671875,3121122,0.0,0.0
2021-09-08 00:00:00+08:00,1660.0,1671.1800537109375,1628.0799560546875,1633.0999755859375,1444.8675537109375,3306367,0.0,0.0
2021-09-09 00:00:00+08:00,1626.0,1645.0,1624.010009765625,1634.0799560546875,1445.734619140625,1995013,0.0,0.0
2021-09-10 00:00:00+08:00,1634.0799560546875,1668.800048828125,1633.0,1662.5799560546875,1470.94970703125,3338811,0.0,0.0
2021-09-13 00:00:00+08:00,1665.0,1684.0,1640.0999755859375,1654.0,1463.3585205078125,2772002,0.0,0.0
2021-09-14 00:00:00+08:00,1659.0,1683.0,1653.0,1657.0,1466.0128173828125,3376061,0.0,0.0
2021-09-15 00:00:00+08:00,1650.0,1660.0,1610.0,1615.739990234375,1429.5084228515625,4157005,0.0,0.0
2021-09-16 00:00:00+08:00,1603.0,1644.0,1585.0,1638.0699462890625,1449.2646484375,4596802,0.0,0.0
2021-09-17 00:00:00+08:00,1620.0,1705.5999755859375,1620.0,1686.0,1491.6702880859375,5513025,0.0,0.0
2021-09-22 00:00:00+08:00,1658.8299560546875,1688.0,1635.0,1637.68994140625,1448.928466796875,3174300,0.0,0.0
2021-09-23 00:00:00+08:00,1638.0,1655.8800048828125,1625.0799560546875,1635.0,1446.5487060546875,3034181,0.0,0.0
2021-09-24 00:00:00+08:00,1628.0,1719.97998046875,1628.0,1694.0,1498.7481689453125,6953660,0.0,0.0
2021-09-27 00:00:00+08:00,1750.0,1863.4000244140625,1750.0,1855.0,1641.1912841796875,12686892,0.0,0.0
2021-09-28 00:00:00+08:00,1848.0,1860.0,1795.0,1822.06005859375,1612.0479736328125,4922105,0.0,0.0
2021-09-29 00:00:00+08:00,1809.0,1845.010009765625,1785.9000244140625,1820.0,1610.2252197265625,4329065,0.0,0.0
2021-09-30 00:00:00+08:00,1818.1800537109375,1850.219970703125,1803.4000244140625,1830.0,1619.0726318359375,4053929,0.0,0.0
2021-10-08 00:00:00+08:00,1822.4200439453125,1878.0,1807.22998046875,1839.5999755859375,1627.566162109375,4745196,0.0,0.0
2021-10-11 00:00:00+08:00,1839.510009765625,1889.9000244140625,1831.010009765625,1867.1199951171875,1651.9141845703125,3767557,0.0,0.0
2021-10-12 00:00:00+08:00,1866.0,1877.0,1842.4200439453125,1870.989990234375,1655.338134765625,3060642,0.0,0.0
2021-10-13 00:00:00+08:00,1870.0,1949.949951171875,1862.0,1929.9000244140625,1707.4580078125,5014261,0.0,0.0
2021-10-14 00:00:00+08:00,1928.9300537109375,1941.800048828125,1896.0,1911.0,1690.736572265625,2662255,0.0,0.0
2021-10-15 00:00:00+08:00,1890.0999755859375,1929.989990234375,1890.0999755859375,1916.969970703125,1696.0184326171875,2856078,0.0,0.0
2021-10-18 00:00:00+08:00,1888.0,1888.0,1787.0,1800.0,1592.530517578125,6965202,0.0,0.0
2021-10-19 00:00:00+08:00,1800.0,1838.800048828125,1799.8800048828125,1812.1800537109375,1603.306640625,4031456,0.0,0.0
2021-10-20 00:00:00+08:00,1833.0,1849.800048828125,1806.010009765625,1841.0,1628.8050537109375,2866339,0.0,0.0
2021-10-21 00:00:00+08:00,1841.0999755859375,1860.0,1829.0,1844.0,1631.458984375,2301870,0.0,0.0
2021-10-22 00:00:00+08:00,1855.0,1921.010009765625,1854.0,1901.0,1681.88916015625,3596260,0.0,0.0
2021-10-25 00:00:00+08:00,1880.0,1885.010009765625,1858.0,1873.030029296875,1657.1429443359375,3246133,0.0,0.0
2021-10-26 00:00:00+08:00,1864.030029296875,1878.989990234375,1844.0,1861.050048828125,1646.5439453125,2113026,0.0,0.0
2021-10-27 00:00:00+08:00,1852.300048828125,1858.300048828125,1800.0999755859375,1819.0,1609.340576171875,3464729,0.0,0.0
2021-10-28 00:00:00+08:00,1825.199951171875,1843.780029296875,1802.0,1825.489990234375,1615.08251953125,2949093,0.0,0.0
2021-10-29 00:00:00+08:00,1825.0,1848.0,1813.0,1826.0799560546875,1615.6044921875,2877586,0.0,0.0
2021-11-01 00:00:00+08:00,1780.0,1826.300048828125,1760.0,1803.0,1595.184814453125,4168998,0.0,0.0
2021-11-02 00:00:00+08:00,1796.699951171875,1844.219970703125,1788.0,1804.6400146484375,1596.6356201171875,3250024,0.0,0.0
2021-11-03 00:00:00+08:00,1800.0,1809.97998046875,1761.18994140625,1765.0,1561.5645751953125,2782931,0.0,0.0
2021-11-04 00:00:00+08:00,1777.93994140625,1816.0,1769.4200439453125,1804.199951171875,1596.246337890625,3113043,0.0,0.0
2021-11-05 00:00:00+08:00,1804.2099609375,1844.989990234375,1804.2099609375,1819.93994140625,1610.1722412109375,2707723,0.0,0.0
2021-11-08 00:00:00+08:00,1820.0,1830.800048828125,1802.050048828125,1820.0999755859375,1610.3135986328125,1770572,0.0,0.0
2021-11-09 00:00:00+08:00,1819.97998046875,1827.8699951171875,1782.0,1790.010009765625,1583.6920166015625,2735192,0.0,0.0
2021-11-10 00:00:00+08:00,1790.010009765625,1795.0,1735.0,1753.989990234375,1551.823486328125,3534877,0.0,0.0
2021-11-11 00:00:00+08:00,1752.9300537109375,1769.5999755859375,1741.5,1769.5999755859375,1565.63427734375,2265187,0.0,0.0
2021-11-12 00:00:00+08:00,1778.0,1785.050048828125,1766.6600341796875,1773.780029296875,1569.332763671875,1760663,0.0,0.0
2021-11-15 00:00:00+08:00,1773.6800537109375,1784.0,1750.0,1761.1400146484375,1558.149658203125,2494735,0.0,0.0
2021-11-16 00:00:00+08:00,1768.0,1818.0,1765.0,1808.0,1599.6083984375,3352624,0.0,0.0
2021-11-17 00:00:00+08:00,1805.0,1820.5,1790.010009765625,1795.0,1588.10693359375,2450546,0.0,0.0
2021-11-18 00:00:00+08:00,1781.219970703125,1807.0,1770.0,1792.0,1585.4525146484375,1952089,0.0,0.0
2021-11-19 00:00:00+08:00,1794.18994140625,1849.0,1788.199951171875,1828.4100341796875,1617.666015625,3115559,0.0,0.0
2021-11-22 00:00:00+08:00,1849.0,1909.0,1848.0,1854.27001953125,1640.5452880859375,4257268,0.0,0.0
2021-11-23 00:00:00+08:00,1852.0,1917.0,1852.0,1896.4300537109375,1677.845947265625,4578220,0.0,0.0
2021-11-24 00:00:00+08:00,1900.0,1966.0,1897.0,1941.0,1717.27880859375,5451235,0.0,0.0
2021-11-25 00:00:00+08:00,1953.0,1986.199951171875,1946.25,1956.030029296875,1730.5762939453125,3975288,0.0,0.0
2021-11-26 00:00:00+08:00,1964.8299560546875,1967.0,1925.0,1941.010009765625,1717.2877197265625,3265557,0.0,0.0
2021-11-29 00:00:00+08:00,1960.0,1990.0,1951.0799560546875,1985.0,1756.207275390625,4239934,0.0,0.0
2021-11-30 00:00:00+08:00,1985.4000244140625,1989.9000244140625,1927.5,1930.77001953125,1708.2276611328125,3692487,0.0,0.0
2021-12-01 00:00:00+08:00,1950.0,1959.949951171875,1919.02001953125,1932.989990234375,1710.1917724609375,2625440,0.0,0.0
2021-12-02 00:00:00+08:00,1940.0,1942.1500244140625,1919.5999755859375,1934.0,1711.08544921875,2042182,0.0,0.0
2021-12-03 00:00:00+08:00,1932.0,1988.6199951171875,1931.050048828125,1971.8800048828125,1744.599609375,3581839,0.0,0.0
2021-12-06 00:00:00+08:00,1983.0,1990.0,1950.0,1967.300048828125,1740.54736328125,3106388,0.0,0.0
2021-12-07 00:00:00+08:00,1980.739990234375,1987.8699951171875,1946.72998046875,1955.8699951171875,1730.4349365234375,3697989,0.0,0.0
2021-12-08 00:00:00+08:00,1964.8800048828125,2045.0,1950.0,2043.0,1807.522216796875,6104807,0.0,0.0
2021-12-09 00:00:00+08:00,2054.93994140625,2116.919921875,2045.0,2086.550048828125,1846.0523681640625,6423918,0.0,0.0
2021-12-10 00:00:00+08:00,2060.0,2095.780029296875,2056.0,2090.0,1849.1051025390625,4314822,0.0,0.0
2021-12-13 00:00:00+08:00,2154.0,2180.0,2118.0,2118.199951171875,1874.054443359375,6580656,0.0,0.0
2021-12-14 00:00:00+08:00,2118.199951171875,2167.89990234375,2100.0,2150.0,1902.18896484375,4044941,0.0,0.0
2021-12-15 00:00:00+08:00,2142.14990234375,2164.949951171875,2125.02001953125,2135.0,1888.91796875,3007827,0.0,0.0
2021-12-16 00:00:00+08:00,2115.0,2144.050048828125,2086.22998046875,2118.989990234375,1874.7535400390625,3721136,0.0,0.0
2021-12-17 00:00:00+08:00,2100.5,2108.0,2036.0,2050.699951171875,1814.33447265625,4840318,0.0,0.0
2021-12-20 00:00:00+08:00,2063.830078125,2084.0,2041.0,2058.9599609375,1821.6424560546875,3225769,0.0,0.0
2021-12-21 00:00:00+08:00,2045.0,2069.1298828125,2012.8299560546875,2038.199951171875,1803.2752685546875,2628589,0.0,0.0
2021-12-22 00:00:00+08:00,2040.0,2063.0,2040.0,2048.0,1811.9456787109375,1743079,0.0,0.0
2021-12-23 00:00:00+08:00,2053.0,2120.0,2025.0,2120.0,1875.647216796875,3909854,0.0,0.0
2021-12-24 00:00:00+08:00,2148.8798828125,2216.9599609375,2148.8798828125,2194.090087890625,1941.1973876953125,5612959,0.0,0.0
2021-12-27 00:00:00+08:00,2168.0,2168.0,2112.0,2131.820068359375,1886.1046142578125,3755590,0.0,0.0
2021-12-28 00:00:00+08:00,2133.0,2155.5,2116.60009765625,2138.179931640625,1891.7315673828125,2765070,0.0,0.0
2021-12-29 00:00:00+08:00,2150.0,2154.25,2041.0,2041.0,1805.7525634765625,5404902,0.0,0.0
2021-12-30 00:00:00+08:00,2041.0,2088.97998046875,2028.0,2075.0,1835.8338623046875,3526136,0.0,0.0
2021-12-31 00:00:00+08:00,2070.0,2072.97998046875,2028.0,2050.0,1813.71533203125,2966491,0.0,0.0
2022-01-04 00:00:00+08:00,2055.0,2068.949951171875,2014.0,2051.22998046875,1814.803466796875,3384262,0.0,0.0
2022-01-05 00:00:00+08:00,2045.0,2065.0,2018.0,2024.0,1790.712158203125,2839551,0.0,0.0
2022-01-06 00:00:00+08:00,2022.010009765625,2036.0,1938.510009765625,1982.219970703125,1753.74755859375,5179475,0.0,0.0
2022-01-07 00:00:00+08:00,1975.0,1988.8800048828125,1939.3199462890625,1942.0,1718.1636962890625,2981669,0.0,0.0
2022-01-10 00:00:00+08:00,1928.010009765625,1977.0,1917.550048828125,1966.0,1739.3970947265625,2962670,0.0,0.0
2022-01-11 00:00:00+08:00,1948.0,1965.0,1931.1700439453125,1940.550048828125,1716.8807373046875,2227664,0.0,0.0
2022-01-12 00:00:00+08:00,1948.0,1978.800048828125,1948.0,1967.0,1740.281982421875,2747410,0.0,0.0
2022-01-13 00:00:00+08:00,1964.8199462890625,1967.989990234375,1865.56005859375,1877.3900146484375,1661.00048828125,5674735,0.0,0.0
2022-01-14 00:00:00+08:00,1877.3900146484375,1893.0,1863.0,1867.0,1651.8079833984375,2932164,0.0,0.0
2022-01-17 00:00:00+08:00,1868.0,1878.300048828125,1835.3399658203125,1861.6099853515625,1647.039306640625,2735382,0.0,0.0
2022-01-18 00:00:00+08:00,1861.6800537109375,1908.8499755859375,1852.0,1892.27001953125,1674.165283203125,3121577,0.0,0.0
2022-01-19 00:00:00+08:00,1919.0,1919.0,1888.8800048828125,1912.0,1691.6212158203125,2637094,0.0,0.0
2022-01-20 00:00:00+08:00,1916.0,1979.989990234375,1916.0,1969.52001953125,1742.5113525390625,3401391,0.0,0.0
2022-01-21 00:00:00+08:00,1960.0,1993.489990234375,1951.010009765625,1984.989990234375,1756.198486328125,3081258,0.0,0.0
2022-01-24 00:00:00+08:00,1955.0,1984.0,1931.43994140625,1950.199951171875,1725.418212890625,2398580,0.0,0.0
2022-01-25 00:00:00+08:00,1943.0,1966.0,1931.0,1943.0,1719.0482177734375,2551012,0.0,0.0
2022-01-26 00:00:00+08:00,1942.0400390625,1969.0,1919.0,1955.0,1729.665283203125,2390513,0.0,0.0
2022-01-27 00:00:00+08:00,2001.010009765625,2010.8199462890625,1952.0,1965.0,1738.512451171875,4266516,0.0,0.0
2022-01-28 00:00:00+08:00,1955.0,1968.0,1880.010009765625,1887.0,1669.5028076171875,4102011,0.0,0.0
2022-02-07 00:00:00+08:00,1900.989990234375,1913.56005859375,1850.0,1867.9599609375,1652.657470703125,3515042,0.0,0.0
2022-02-08 00:00:00+08:00,1868.8800048828125,1872.8699951171875,1790.0,1839.0,1627.0352783203125,4171306,0.0,0.0
2022-02-09 00:00:00+08:00,1839.0899658203125,1908.0,1826.969970703125,1895.97998046875,1677.44775390625,3388479,0.0,0.0
2022-02-10 00:00:00+08:00,1900.0,1905.9000244140625,1857.3900146484375,1873.0,1657.1165771484375,2303183,0.0,0.0
2022-02-11 00:00:00+08:00,1857.0,1900.7900390625,1841.0,1849.969970703125,1636.7408447265625,3374649,0.0,0.0
2022-02-14 00:00:00+08:00,1840.0,1877.0,1837.31005859375,1868.6700439453125,1653.2855224609375,2019587,0.0,0.0
2022-02-15 00:00:00+08:00,1868.800048828125,1911.0,1859.0,1890.6199951171875,1672.7056884765625,2710586,0.0,0.0
2022-02-16 00:00:00+08:00,1900.0,1907.0,1888.0,1892.550048828125,1674.413330078125,1458685,0.0,0.0
2022-02-17 00:00:00+08:00,1900.6099853515625,1911.47998046875,1881.0,1886.989990234375,1669.4940185546875,1821366,0.0,0.0
2022-02-18 00:00:00+08:00,1877.6300048828125,1907.97998046875,1865.6600341796875,1907.0,1687.197509765625,1938549,0.0,0.0
2022-02-21 00:00:00+08:00,1900.0,1906.9000244140625,1868.949951171875,1876.989990234375,1660.646728515625,2081573,0.0,0.0
2022-02-22 00:00:00+08:00,1860.010009765625,1861.0,1800.02001953125,1807.8699951171875,1599.493408203125,5229881,0.0,0.0
2022-02-23 00:00:00+08:00,1811.4100341796875,1834.0,1800.0799560546875,1827.010009765625,1616.42724609375,2811161,0.0,0.0
2022-02-24 00:00:00+08:00,1808.0,1813.989990234375,1748.0999755859375,1764.1099853515625,1560.7772216796875,6535925,0.0,0.0
2022-02-25 00:00:00+08:00,1775.0,1808.280029296875,1775.0,1799.06005859375,1591.698974609375,3897913,0.0,0.0
2022-02-28 00:00:00+08:00,1787.06005859375,1797.0,1767.0,1790.4000244140625,1584.037109375,2892303,0.0,0.0
2022-03-01 00:00:00+08:00,1802.0,1863.5699462890625,1802.0,1858.47998046875,1644.27001953125,4737930,0.0,0.0
2022-03-02 00:00:00+08:00,1840.0,1850.989990234375,1825.0,1844.8800048828125,1632.2374267578125,2007448,0.0,0.0
2022-03-03 00:00:00+08:00,1845.800048828125,1850.25,1794.0,1800.0,1592.530517578125,3154693,0.0,0.0
2022-03-04 00:00:00+08:00,1772.0,1792.8900146484375,1755.0999755859375,1780.5,1575.278076171875,3104703,0.0,0.0
2022-03-07 00:00:00+08:00,1760.199951171875,1768.0,1703.800048828125,1707.0,1510.249755859375,4915581,0.0,0.0
2022-03-08 00:00:00+08:00,1759.97998046875,1786.6600341796875,1732.0,1753.199951171875,1551.124755859375,5721546,0.0,0.0
2022-03-09 00:00:00+08:00,1764.0999755859375,1805.0,1721.1099853515625,1779.1800537109375,1574.1103515625,5643442,0.0,0.0
2022-03-10 00:00:00+08:00,1808.0,1821.0,1791.0,1794.4300537109375,1587.6025390625,3646178,0.0,0.0
2022-03-11 00:00:00+08:00,1766.0,1777.0,1718.0799560546875,1769.010009765625,1565.1126708984375,4772677,0.0,0.0
2022-03-14 00:00:00+08:00,1730.0,1750.0,1700.0,1700.0,1504.056396484375,4900661,0.0,0.0
2022-03-15 00:00:00+08:00,1650.0,1685.0,1603.0,1603.0,1418.2369384765625,8905587,0.0,0.0
2022-03-16 00:00:00+08:00,1634.0,1683.9000244140625,1593.0,1674.949951171875,1481.8939208984375,7759281,0.0,0.0
2022-03-17 00:00:00+08:00,1720.0,1755.0,1711.6600341796875,1720.1500244140625,1521.884033203125,6835196,0.0,0.0
2022-03-18 00:00:00+08:00,1718.0,1745.0,1692.280029296875,1707.7900390625,1510.9486083984375,3834868,0.0,0.0
2022-03-21 00:00:00+08:00,1724.0,1725.6500244140625,1695.010009765625,1704.300048828125,1507.8609619140625,2787716,0.0,0.0
2022-03-22 00:00:00+08:00,1723.8800048828125,1723.8800048828125,1686.3299560546875,1695.0,1499.633056640625,2105404,0.0,0.0
2022-03-23 00:00:00+08:00,1705.0,1770.0,1697.0,1752.18994140625,1550.2310791015625,5806739,0.0,0.0
2022-03-24 00:00:00+08:00,1738.0,1740.0,1717.3499755859375,1720.9300537109375,1522.5740966796875,2581532,0.0,0.0
2022-03-25 00:00:00+08:00,1712.0,1734.0,1685.0,1690.0,1495.209228515625,2970866,0.0,0.0
2022-03-28 00:00:00+08:00,1625.0,1664.800048828125,1604.0,1660.800048828125,1469.374755859375,5754164,0.0,0.0
2022-03-29 00:00:00+08:00,1661.5,1691.5,1661.5,1667.0,1474.8602294921875,2593498,0.0,0.0
2022-03-30 00:00:00+08:00,1698.0,1730.0999755859375,1695.0,1730.0999755859375,1530.687255859375,4243343,0.0,0.0
2022-03-31 00:00:00+08:00,1720.0,1738.5999755859375,1708.800048828125,1719.0,1520.866455078125,2517386,0.0,0.0
2022-04-01 00:00:00+08:00,1729.93994140625,1793.0,1721.68994140625,1780.010009765625,1574.8446044921875,4486191,0.0,0.0
2022-04-06 00:00:00+08:00,1753.0,1788.72998046875,1753.0,1765.0,1561.5645751953125,2781977,0.0,0.0
2022-04-07 00:00:00+08:00,1758.0,1785.0,1750.0999755859375,1765.0,1561.5645751953125,2019571,0.0,0.0
2022-04-08 00:00:00+08:00,1768.0,1788.699951171875,1766.5400390625,1784.0,1578.37451171875,2294132,0.0,0.0
2022-04-11 00:00:00+08:00,1770.0,1770.0,1706.030029296875,1720.0,1521.7513427734375,4386359,0.0,0.0
2022-04-12 00:00:00+08:00,1729.0,1787.969970703125,1708.0,1782.0,1576.6053466796875,4162956,0.0,0.0
2022-04-13 00:00:00+08:00,1767.0,1795.0,1751.0799560546875,1769.0,1565.1033935546875,3114766,0.0,0.0
2022-04-14 00:00:00+08:00,1788.0,1835.9000244140625,1780.199951171875,1809.0,1600.4931640625,3764986,0.0,0.0
2022-04-15 00:00:00+08:00,1802.199951171875,1818.0,1795.8900146484375,1805.989990234375,1597.830078125,2104113,0.0,0.0
2022-04-18 00:00:00+08:00,1781.1300048828125,1798.0,1768.0,1790.8199462890625,1584.40869140625,1979315,0.0,0.0
2022-04-19 00:00:00+08:00,1800.0,1832.989990234375,1775.5,1790.300048828125,1583.9486083984375,2420476,0.0,0.0
2022-04-20 00:00:00+08:00,1801.68994140625,1820.0,1768.6800537109375,1797.0,1589.8763427734375,2415572,0.0,0.0
2022-04-21 00:00:00+08:00,1790.199951171875,1806.0,1770.0,1779.97998046875,1574.818115234375,2895261,0.0,0.0
2022-04-22 00:00:00+08:00,1763.0,1787.8800048828125,1760.1800537109375,1773.0,1568.642578125,2789975,0.0,0.0
2022-04-25 00:00:00+08:00,1750.0,1776.5,1702.0,1708.0,1511.134521484375,5365802,0.0,0.0
2022-04-26 00:00:00+08:00,1703.3299560546875,1748.97998046875,1700.0,1732.47998046875,1532.7928466796875,4456396,0.0,0.0
2022-04-27 00:00:00+08:00,1767.1199951171875,1810.0,1767.1199951171875,1794.9200439453125,1588.0362548828125,5740244,0.0,0.0
2022-04-28 00:00:00+08:00,1793.0,1845.0,1786.5,1835.0,1623.4964599609375,4401006,0.0,0.0
2022-04-29 00:00:00+08:00,1836.0,1849.0,1810.97998046875,1828.3800048828125,1617.6392822265625,3488527,0.0,0.0
2022-05-05 00:00:00+08:00,1830.0,1870.0,1828.97998046875,1837.0,1625.2657470703125,3366094,0.0,0.0
2022-05-06 00:00:00+08:00,1814.989990234375,1819.0,1781.0,1793.0,1586.337158203125,2859618,0.0,0.0
2022-05-09 00:00:00+08:00,1780.0,1780.0,1738.0,1752.0,1550.0631103515625,3035182,0.0,0.0
2022-05-10 00:00:00+08:00,1720.0,1784.9599609375,1705.010009765625,1766.18994140625,1562.617431640625,4011919,0.0,0.0
2022-05-11 00:00:00+08:00,1755.0,1788.47998046875,1752.0,1768.0,1564.2188720703125,3031267,0.0,0.0
2022-05-12 00:00:00+08:00,1753.0,1778.0,1750.0,1762.6700439453125,1559.50341796875,2203823,0.0,0.0
2022-05-13 00:00:00+08:00,1780.0,1797.93994140625,1766.0,1778.239990234375,1573.278564453125,2073052,0.0,0.0
2022-05-16 00:00:00+08:00,1797.0,1797.0,1742.6700439453125,1758.0,1555.3714599609375,2776531,0.0,0.0
2022-05-17 00:00:00+08:00,1769.8800048828125,1775.0,1755.0,1768.0,1564.2188720703125,2014474,0.0,0.0
2022-05-18 00:00:00+08:00,1773.6600341796875,1773.9200439453125,1743.02001953125,1761.0,1558.0257568359375,2485044,0.0,0.0
2022-05-19 00:00:00+08:00,1745.0,1757.0,1739.0,1756.0,1553.6019287109375,1977626,0.0,0.0
2022-05-20 00:00:00+08:00,1759.989990234375,1801.1500244140625,1752.0,1800.010009765625,1592.5394287109375,4194960,0.0,0.0
2022-05-23 00:00:00+08:00,1800.0,1803.8900146484375,1772.0,1781.0,1575.7205810546875,2215713,0.0,0.0
2022-05-24 00:00:00+08:00,1786.0,1787.0,1755.5,1760.0,1557.1409912109375,2734222,0.0,0.0
2022-05-25 00:00:00+08:00,1765.27001953125,1772.0,1747.0,1755.510009765625,1553.1685791015625,2238869,0.0,0.0
2022-05-26 00:00:00+08:00,1761.0,1761.0,1730.0,1742.800048828125,1541.9234619140625,2805344,0.0,0.0
2022-05-27 00:00:00+08:00,1759.989990234375,1780.0,1753.010009765625,1755.1600341796875,1552.8587646484375,2511958,0.0,0.0
2022-05-30 00:00:00+08:00,1766.0,1790.550048828125,1766.0,1778.4100341796875,1573.4290771484375,3446569,0.0,0.0
2022-05-31 00:00:00+08:00,1774.77001953125,1814.9000244140625,1766.97998046875,1804.030029296875,1596.0960693359375,4075082,0.0,0.0
2022-06-01 00:00:00+08:00,1802.0,1814.780029296875,1779.0,1788.25,1582.1346435546875,2176001,0.0,0.0
2022-06-02 00:00:00+08:00,1787.969970703125,1795.800048828125,1780.0,1786.0,1580.14404296875,1691473,0.0,0.0
2022-06-06 00:00:00+08:00,1790.0,1795.0,1758.0,1788.0,1581.9136962890625,3674126,0.0,0.0
2022-06-07 00:00:00+08:00,1784.1400146484375,1825.0,1770.31005859375,1817.9000244140625,1608.3673095703125,3504859,0.0,0.0
2022-06-08 00:00:00+08:00,1825.0,1882.0,1825.0,1865.5999755859375,1650.5694580078125,4435381,0.0,0.0
2022-06-09 00:00:00+08:00,1872.0,1888.3499755859375,1849.0,1853.0,1639.421630859375,2632902,0.0,0.0
2022-06-10 00:00:00+08:00,1845.010009765625,1907.0,1835.0,1900.5999755859375,1681.5352783203125,4734462,0.0,0.0
2022-06-13 00:00:00+08:00,1890.0,1892.0,1848.0799560546875,1856.0,1642.0760498046875,3675518,0.0,0.0
2022-06-14 00:00:00+08:00,1834.0,1875.4200439453125,1832.0,1871.0,1655.346923828125,2941623,0.0,0.0
2022-06-15 00:00:00+08:00,1870.0,1905.0,1862.989990234375,1875.0999755859375,1658.974365234375,3366362,0.0,0.0
2022-06-16 00:00:00+08:00,1894.5899658203125,1907.6300048828125,1875.3299560546875,1877.0,1660.6556396484375,2688670,0.0,0.0
2022-06-17 00:00:00+08:00,1878.0899658203125,1952.0,1878.0899658203125,1951.0,1726.126220703125,5054161,0.0,0.0
2022-06-20 00:00:00+08:00,1950.0,1970.0,1930.0,1942.02001953125,1718.18115234375,3497478,0.0,0.0
2022-06-21 00:00:00+08:00,1949.0,1966.989990234375,1928.0,1945.739990234375,1721.4722900390625,2371702,0.0,0.0
2022-06-22 00:00:00+08:00,1955.0,1958.0,1932.0,1936.0,1712.855224609375,1964665,0.0,0.0
2022-06-23 00:00:00+08:00,1942.699951171875,1965.0400390625,1940.0,1957.0999755859375,1731.52294921875,2684352,0.0,0.0
2022-06-24 00:00:00+08:00,1970.0,2020.0,1965.0,2009.010009765625,1777.449951171875,3963465,0.0,0.0
2022-06-27 00:00:00+08:00,2019.93994140625,2049.93994140625,2000.300048828125,2010.550048828125,1778.812255859375,4011517,0.0,0.0
2022-06-28 00:00:00+08:00,2019.739990234375,2041.0,2001.0,2036.0,1801.3291015625,2524571,0.0,0.0
2022-06-29 00:00:00+08:00,2028.0,2042.0,2011.010009765625,2030.0,1796.0205078125,3036012,0.0,0.0
2022-06-30 00:00:00+08:00,2000.0,2077.0,1999.989990234375,2045.0,1828.8184814453125,3898243,21.675,0.0
2022-07-01 00:00:00+08:00,2055.0,2067.77001953125,2015.2099609375,2029.050048828125,1814.5545654296875,2159645,0.0,0.0
2022-07-04 00:00:00+08:00,2020.010009765625,2024.2900390625,2001.010009765625,2018.0,1804.6727294921875,2507589,0.0,0.0
2022-07-05 00:00:00+08:00,2025.280029296875,2054.449951171875,2010.0,2033.010009765625,1818.0960693359375,2632940,0.0,0.0
2022-07-06 00:00:00+08:00,2032.0,2039.0,1986.0,2002.0,1790.3641357421875,3275166,0.0,0.0
2022-07-07 00:00:00+08:00,2005.0,2009.3499755859375,1985.010009765625,1990.0,1779.6326904296875,2093177,0.0,0.0
2022-07-08 00:00:00+08:00,2005.0,2014.8900146484375,1996.1600341796875,1999.0,1787.6812744140625,1564389,0.0,0.0
2022-07-11 00:00:00+08:00,1990.199951171875,1994.77001953125,1950.5,1963.5999755859375,1756.0234375,2394921,0.0,0.0
2022-07-12 00:00:00+08:00,1965.0,1972.800048828125,1930.06005859375,1948.4100341796875,1742.4393310546875,2344686,0.0,0.0
2022-07-13 00:00:00+08:00,1945.0,1972.0,1940.6700439453125,1958.8900146484375,1751.8114013671875,1985377,0.0,0.0
2022-07-14 00:00:00+08:00,1960.0,1976.800048828125,1941.0,1953.0,1746.5439453125,2052724,0.0,0.0
2022-07-15 00:00:00+08:00,1945.1099853515625,1999.6800537109375,1944.510009765625,1949.5,1743.4140625,3341623,0.0,0.0
2022-07-18 00:00:00+08:00,1952.3599853515625,1959.0,1922.0,1951.6600341796875,1745.3455810546875,2422072,0.0,0.0
2022-07-19 00:00:00+08:00,1945.0,1951.6500244140625,1926.0,1943.0999755859375,1737.690673828125,2195603,0.0,0.0
2022-07-20 00:00:00+08:00,1958.75,1970.0,1945.0,1950.0999755859375,1743.95068359375,1870461,0.0,0.0
2022-07-21 00:00:00+08:00,1943.0999755859375,1955.9000244140625,1934.510009765625,1939.0,1734.0240478515625,1406137,0.0,0.0
2022-07-22 00:00:00+08:00,1949.219970703125,1962.0,1935.0,1947.0,1741.17822265625,2511357,0.0,0.0
2022-07-25 00:00:00+08:00,1949.510009765625,1952.300048828125,1931.0,1944.6500244140625,1739.07666015625,1691244,0.0,0.0
2022-07-26 00:00:00+08:00,1952.989990234375,1964.969970703125,1947.02001953125,1950.2099609375,1744.049072265625,2068510,0.0,0.0
2022-07-27 00:00:00+08:00,1942.0,1948.0,1917.0,1919.5999755859375,1716.6748046875,2148987,0.0,0.0
2022-07-28 00:00:00+08:00,1921.0999755859375,1938.0,1892.6600341796875,1898.0,1697.3583984375,3486986,0.0,0.0
2022-07-29 00:00:00+08:00,1895.0999755859375,1918.989990234375,1878.0999755859375,1898.43994140625,1697.7515869140625,3703236,0.0,0.0
2022-08-01 00:00:00+08:00,1890.010009765625,1908.0,1881.1800537109375,1890.300048828125,1690.4722900390625,2103741,0.0,0.0
2022-08-02 00:00:00+08:00,1880.0,1887.97998046875,1858.010009765625,1879.97998046875,1681.2431640625,2822088,0.0,0.0
2022-08-03 00:00:00+08:00,1889.989990234375,1904.0,1877.0,1885.0,1685.7325439453125,2459842,0.0,0.0
2022-08-04 00:00:00+08:00,1890.0,1923.0999755859375,1880.1300048828125,1916.010009765625,1713.46435546875,3035714,0.0,0.0
2022-08-05 00:00:00+08:00,1927.800048828125,1935.0,1904.9000244140625,1923.9599609375,1720.5738525390625,2008584,0.0,0.0
2022-08-08 00:00:00+08:00,1915.1500244140625,1932.8800048828125,1907.510009765625,1911.530029296875,1709.4578857421875,1679901,0.0,0.0
2022-08-09 00:00:00+08:00,1911.530029296875,1918.989990234375,1905.0,1910.0,1708.089599609375,1387461,0.0,0.0
2022-08-10 00:00:00+08:00,1909.97998046875,1918.0,1864.5799560546875,1876.0,1677.6839599609375,2792662,0.0,0.0
2022-08-11 00:00:00+08:00,1886.0,1907.0,1878.010009765625,1906.9000244140625,1705.3175048828125,2606149,0.0,0.0
2022-08-12 00:00:00+08:00,1906.9000244140625,1930.0,1900.0,1928.0,1724.1868896484375,2025983,0.0,0.0
2022-08-15 00:00:00+08:00,1920.4599609375,1939.5,1915.550048828125,1919.8900146484375,1716.934326171875,1932314,0.0,0.0
2022-08-16 00:00:00+08:00,1923.93994140625,1933.7900390625,1916.0,1917.8399658203125,1715.1009521484375,1483584,0.0,0.0
2022-08-17 00:00:00+08:00,1930.0,1930.0,1895.0,1918.0,1715.2440185546875,1836063,0.0,0.0
2022-08-18 00:00:00+08:00,1908.0,1913.0799560546875,1881.0699462890625,1895.5,1695.1224365234375,2316777,0.0,0.0
2022-08-19 00:00:00+08:00,1898.0,1908.3499755859375,1888.0,1895.010009765625,1694.684326171875,1354417,0.0,0.0
2022-08-22 00:00:00+08:00,1885.010009765625,1907.0,1881.3800048828125,1893.97998046875,1693.7633056640625,1542667,0.0,0.0
2022-08-23 00:00:00+08:00,1898.5999755859375,1898.5999755859375,1867.0,1870.010009765625,1672.3270263671875,2375636,0.0,0.0
2022-08-24 00:00:00+08:00,1869.989990234375,1875.22998046875,1851.0,1854.199951171875,1658.1884765625,1872761,0.0,0.0
2022-08-25 00:00:00+08:00,1859.0,1888.0,1854.199951171875,1885.0,1685.7325439453125,2192534,0.0,0.0
2022-08-26 00:00:00+08:00,1900.0,1912.0,1886.0,1898.0,1697.3583984375,2314195,0.0,0.0
2022-08-29 00:00:00+08:00,1883.0,1899.969970703125,1874.0,1878.8199462890625,1680.205810546875,1356962,0.0,0.0
2022-08-30 00:00:00+08:00,1882.3499755859375,1885.0,1854.199951171875,1870.0,1672.3182373046875,1823539,0.0,0.0
2022-08-31 00:00:00+08:00,1860.0999755859375,1925.56005859375,1860.010009765625,1924.0,1720.609619140625,4469151,0.0,0.0
2022-09-01 00:00:00+08:00,1912.1500244140625,1916.0,1880.8900146484375,1880.8900146484375,1682.056884765625,2684508,0.0,0.0
2022-09-02 00:00:00+08:00,1889.93994140625,1892.9599609375,1866.1700439453125,1875.0,1676.7896728515625,1939132,0.0,0.0
2022-09-05 00:00:00+08:00,1862.6400146484375,1869.0,1820.0,1835.0,1641.01806640625,3682187,0.0,0.0
2022-09-06 00:00:00+08:00,1835.3599853515625,1848.199951171875,1825.0,1845.0,1649.9609375,2083004,0.0,0.0
2022-09-07 00:00:00+08:00,1835.030029296875,1837.6600341796875,1811.010009765625,1818.010009765625,1625.82421875,2830616,0.0,0.0
2022-09-08 00:00:00+08:00,1820.0,1832.0,1815.0,1815.0,1623.13232421875,1659057,0.0,0.0
2022-09-09 00:00:00+08:00,1825.0,1852.0,1816.0,1844.7900390625,1649.7733154296875,2708986,0.0,0.0
2022-09-13 00:00:00+08:00,1880.0,1888.3800048828125,1858.22998046875,1879.0,1680.36669921875,2869309,0.0,0.0
2022-09-14 00:00:00+08:00,1864.010009765625,1880.0,1863.0,1869.0,1671.423828125,1604157,0.0,0.0
2022-09-15 00:00:00+08:00,1870.0,1893.1199951171875,1869.9599609375,1880.0,1681.260986328125,2081021,0.0,0.0
2022-09-16 00:00:00+08:00,1871.800048828125,1885.5999755859375,1855.1099853515625,1859.0,1662.4810791015625,2412127,0.0,0.0
2022-09-19 00:00:00+08:00,1855.0,1888.5899658203125,1852.8800048828125,1871.6400146484375,1673.7847900390625,1858351,0.0,0.0
2022-09-20 00:00:00+08:00,1869.97998046875,1884.5999755859375,1858.550048828125,1878.0,1679.472412109375,1411630,0.0,0.0
2022-09-21 00:00:00+08:00,1876.6700439453125,1883.0,1848.0,1848.0,1652.6439208984375,2099454,0.0,0.0
2022-09-22 00:00:00+08:00,1840.0,1841.02001953125,1816.8499755859375,1820.81005859375,1628.328125,2270429,0.0,0.0
2022-09-23 00:00:00+08:00,1820.81005859375,1855.0,1820.81005859375,1834.4300537109375,1640.5084228515625,2828769,0.0,0.0
2022-09-26 00:00:00+08:00,1820.0,1888.0,1819.97998046875,1863.0,1666.0582275390625,3513492,0.0,0.0
2022-09-27 00:00:00+08:00,1868.8599853515625,1897.0,1851.1099853515625,1888.0,1688.415283203125,2882019,0.0,0.0
2022-09-28 00:00:00+08:00,1880.5,1899.4000244140625,1874.010009765625,1883.0,1683.9439697265625,2144597,0.0,0.0
2022-09-29 00:00:00+08:00,1897.97998046875,1902.1800537109375,1871.1300048828125,1880.3499755859375,1681.57421875,2158966,0.0,0.0
2022-09-30 00:00:00+08:00,1898.6199951171875,1901.989990234375,1866.0,1872.5,1674.5537109375,2128908,0.0,0.0
2022-10-10 00:00:00+08:00,1890.0,1891.0,1780.199951171875,1786.0,1597.1978759765625,4858413,0.0,0.0
2022-10-11 00:00:00+08:00,1789.0,1806.0,1760.0,1779.989990234375,1591.8233642578125,3204719,0.0,0.0
2022-10-12 00:00:00+08:00,1773.6600341796875,1779.0,1708.0,1760.0,1573.9466552734375,4819500,0.0,0.0
2022-10-13 00:00:00+08:00,1720.4599609375,1735.0,1697.0,1699.989990234375,1520.2802734375,6396927,0.0,0.0
2022-10-14 00:00:00+08:00,1710.0,1755.0,1701.93994140625,1737.6099853515625,1553.92333984375,4651970,0.0,0.0
2022-10-17 00:00:00+08:00,1726.0,1727.989990234375,1697.800048828125,1718.5,1536.83349609375,3354951,0.0,0.0
2022-10-18 00:00:00+08:00,1725.0,1730.0,1701.0,1705.8299560546875,1525.5029296875,2808277,0.0,0.0
2022-10-19 00:00:00+08:00,1701.97998046875,1701.97998046875,1648.0,1648.0,1473.7861328125,6012093,0.0,0.0
2022-10-20 00:00:00+08:00,1621.0,1668.4300537109375,1611.0,1643.5,1469.7620849609375,4277807,0.0,0.0
2022-10-21 00:00:00+08:00,1640.0,1647.800048828125,1610.0,1624.0,1452.3232421875,3890740,0.0,0.0
2022-10-24 00:00:00+08:00,1570.0,1589.0,1488.010009765625,1501.280029296875,1342.576416015625,13209804,0.0,0.0
2022-10-25 00:00:00+08:00,1479.4200439453125,1515.0,1472.0,1479.75,1323.322265625,8136156,0.0,0.0
2022-10-26 00:00:00+08:00,1488.800048828125,1514.989990234375,1460.0,1464.0799560546875,1309.308837890625,8178083,0.0,0.0
2022-10-27 00:00:00+08:00,1480.0,1487.97998046875,1383.8499755859375,1401.0,1252.8970947265625,10710590,0.0,0.0
2022-10-28 00:00:00+08:00,1390.77001953125,1406.0,1358.7099609375,1360.0,1216.2313232421875,9314275,0.0,0.0
2022-10-31 00:00:00+08:00,1350.0,1382.010009765625,1333.0,1350.0,1207.2884521484375,7184665,0.0,0.0
2022-11-01 00:00:00+08:00,1359.0,1469.4000244140625,1359.0,1462.010009765625,1307.457763671875,11876648,0.0,0.0
2022-11-02 00:00:00+08:00,1460.0,1506.0,1436.0,1471.9599609375,1316.35595703125,7977715,0.0,0.0
2022-11-03 00:00:00+08:00,1443.5699462890625,1462.5,1428.0999755859375,1439.5,1287.3272705078125,4515970,0.0,0.0
2022-11-04 00:00:00+08:00,1437.9599609375,1527.77001953125,1437.9599609375,1516.5699462890625,1356.25,8000795,0.0,0.0
2022-11-07 00:00:00+08:00,1494.050048828125,1518.47998046875,1486.5899658203125,1507.1099853515625,1347.7900390625,4269835,0.0,0.0
2022-11-08 00:00:00+08:00,1508.0,1517.989990234375,1468.9599609375,1484.8800048828125,1327.9100341796875,3932491,0.0,0.0
2022-11-09 00:00:00+08:00,1483.949951171875,1488.8800048828125,1450.0,1459.9000244140625,1305.57080078125,3609016,0.0,0.0
2022-11-10 00:00:00+08:00,1444.0,1485.0,1435.1500244140625,1475.0,1319.0745849609375,3771967,0.0,0.0
2022-11-11 00:00:00+08:00,1528.0,1544.449951171875,1494.97998046875,1528.1500244140625,1366.6058349609375,7394715,0.0,0.0
2022-11-14 00:00:00+08:00,1543.5,1563.530029296875,1528.0,1533.0,1370.9432373046875,5737015,0.0,0.0
2022-11-15 00:00:00+08:00,1532.0,1598.969970703125,1521.0,1588.0,1420.1290283203125,5631760,0.0,0.0
2022-11-16 00:00:00+08:00,1581.0,1598.0,1568.0,1585.25,1417.6695556640625,2684776,0.0,0.0
2022-11-17 00:00:00+08:00,1590.5,1596.300048828125,1552.8800048828125,1567.0,1401.348876953125,3057988,0.0,0.0
2022-11-18 00:00:00+08:00,1576.0,1584.0,1556.0,1567.1300048828125,1401.465087890625,2360871,0.0,0.0
2022-11-21 00:00:00+08:00,1541.3499755859375,1541.3499755859375,1498.530029296875,1519.97998046875,1359.2994384765625,3909600,0.0,0.0
2022-11-22 00:00:00+08:00,1517.43994140625,1559.739990234375,1516.1099853515625,1539.949951171875,1377.158447265625,2990062,0.0,0.0
2022-11-23 00:00:00+08:00,1528.0,1557.0,1521.0400390625,1549.0,1385.251708984375,2217746,0.0,0.0
2022-11-24 00:00:00+08:00,1559.0,1568.8800048828125,1513.97998046875,1519.989990234375,1359.308349609375,2768738,0.0,0.0
2022-11-25 00:00:00+08:00,1520.510009765625,1532.0,1510.0,1522.010009765625,1361.1148681640625,1862104,0.0,0.0
2022-11-28 00:00:00+08:00,1484.780029296875,1515.0,1451.0,1509.8800048828125,1350.2672119140625,4772321,0.0,0.0
2022-11-29 00:00:00+08:00,1569.56005859375,1600.0,1551.0,1599.0,1429.966064453125,7342013,0.0,0.0
2022-11-30 00:00:00+08:00,1587.1199951171875,1604.0,1585.0,1599.0,1429.966064453125,3149730,0.0,0.0
2022-12-01 00:00:00+08:00,1660.0,1680.0,1630.7900390625,1630.800048828125,1458.404541015625,5135768,0.0,0.0
2022-12-02 00:00:00+08:00,1635.0,1652.989990234375,1621.199951171875,1633.8800048828125,1461.1588134765625,2388390,0.0,0.0
2022-12-05 00:00:00+08:00,1668.0,1679.0,1649.0,1664.9000244140625,1488.8997802734375,3612746,0.0,0.0
2022-12-06 00:00:00+08:00,1655.0,1726.9000244140625,1652.0,1688.0,1509.557861328125,4414748,0.0,0.0
2022-12-07 00:00:00+08:00,1677.81005859375,1720.0,1670.030029296875,1684.0,1505.9805908203125,3552626,0.0,0.0
2022-12-08 00:00:00+08:00,1682.0,1695.0,1665.0,1687.02001953125,1508.6812744140625,1972956,0.0,0.0
2022-12-09 00:00:00+08:00,1692.0,1730.0,1682.0,1730.0,1547.117919921875,3921526,0.0,0.0
2022-12-12 00:00:00+08:00,1715.8599853515625,1766.0,1715.0,1739.02001953125,1555.184326171875,3475517,0.0,0.0
2022-12-13 00:00:00+08:00,1737.0,1760.68994140625,1730.0,1750.0,1565.0035400390625,2138546,0.0,0.0
2022-12-14 00:00:00+08:00,1743.0,1780.800048828125,1743.0,1770.8699951171875,1583.6673583984375,2909840,0.0,0.0
2022-12-15 00:00:00+08:00,1805.0,1816.0,1780.0,1786.989990234375,1598.083251953125,3063444,0.0,0.0
2022-12-16 00:00:00+08:00,1773.25,1791.0,1743.0,1786.8699951171875,1597.975830078125,3330266,0.0,0.0
2022-12-19 00:00:00+08:00,1798.800048828125,1798.800048828125,1760.1700439453125,1773.0,1585.5723876953125,2498710,0.0,0.0
2022-12-20 00:00:00+08:00,1765.3299560546875,1765.3299560546875,1682.449951171875,1715.0,1533.70361328125,4619840,0.0,0.0
2022-12-21 00:00:00+08:00,1724.0,1739.0,1717.6500244140625,1739.0,1555.1666259765625,2281614,0.0,0.0
2022-12-22 00:00:00+08:00,1756.699951171875,1783.0,1745.0,1768.0,1581.1007080078125,2317534,0.0,0.0
2022-12-23 00:00:00+08:00,1752.4000244140625,1782.0,1745.0,1771.0,1583.7835693359375,1731921,0.0,0.0
2022-12-26 00:00:00+08:00,1771.0,1771.0,1735.02001953125,1742.06005859375,1557.903076171875,2138380,0.0,0.0
2022-12-27 00:00:00+08:00,1738.0,1747.1500244140625,1725.5,1733.0,1569.5408935546875,1790505,21.91,0.0
2022-12-28 00:00:00+08:00,1745.8800048828125,1747.0,1708.010009765625,1733.0,1569.5408935546875,2143790,0.0,0.0
2022-12-29 00:00:00+08:00,1717.0,1726.989990234375,1701.050048828125,1719.0,1556.861328125,2241780,0.0,0.0
2022-12-30 00:00:00+08:00,1736.0,1752.989990234375,1727.0,1727.0,1564.1068115234375,2533312,0.0,0.0
2023-01-03 00:00:00+08:00,1731.199951171875,1738.4300537109375,1706.010009765625,1730.010009765625,1566.8330078125,2603380,0.0,0.0
2023-01-04 00:00:00+08:00,1730.0,1738.699951171875,1716.0,1725.010009765625,1562.3045654296875,2041575,0.0,0.0
2023-01-05 00:00:00+08:00,1737.0,1801.0,1733.0,1801.0,1631.1270751953125,4794285,0.0,0.0
2023-01-06 00:00:00+08:00,1806.1199951171875,1811.9000244140625,1787.0,1803.77001953125,1633.6357421875,2490375,0.0,0.0
2023-01-09 00:00:00+08:00,1835.0,1849.97998046875,1807.8199462890625,1841.199951171875,1667.5352783203125,3097723,0.0,0.0
2023-01-10 00:00:00+08:00,1839.06005859375,1864.5,1830.5,1854.449951171875,1679.5355224609375,2273173,0.0,0.0
2023-01-11 00:00:00+08:00,1856.0,1860.0,1836.8399658203125,1844.949951171875,1670.931640625,2272031,0.0,0.0
2023-01-12 00:00:00+08:00,1848.0,1856.0,1833.0,1834.0,1661.0146484375,1719317,0.0,0.0
2023-01-13 00:00:00+08:00,1844.1800537109375,1888.0,1840.0,1887.0,1709.015380859375,3193965,0.0,0.0
2023-01-16 00:00:00+08:00,1886.0,1935.0,1881.0,1912.9000244140625,1732.4725341796875,3684826,0.0,0.0
2023-01-17 00:00:00+08:00,1913.1600341796875,1923.0,1895.0,1908.0,1728.03466796875,2129923,0.0,0.0
2023-01-18 00:00:00+08:00,1914.0,1925.300048828125,1890.0,1893.0,1714.4495849609375,2106293,0.0,0.0
2023-01-19 00:00:00+08:00,1892.5,1892.52001953125,1866.0,1880.2099609375,1702.86572265625,2343889,0.0,0.0
2023-01-20 00:00:00+08:00,1889.18994140625,1898.25,1858.0,1860.010009765625,1684.5711669921875,2560875,0.0,0.0
2023-01-30 00:00:00+08:00,1909.0,1909.0,1880.0,1888.0,1709.9210205078125,3592255,0.0,0.0
2023-01-31 00:00:00+08:00,1896.5,1899.949951171875,1833.0699462890625,1845.760009765625,1671.6651611328125,3299068,0.0,0.0
2023-02-01 00:00:00+08:00,1854.97998046875,1859.0,1811.4000244140625,1844.969970703125,1670.9498291015625,3397389,0.0,0.0
2023-02-02 00:00:00+08:00,1848.3800048828125,1859.0,1826.0,1836.1099853515625,1662.92529296875,2975886,0.0,0.0
2023-02-03 00:00:00+08:00,1820.0,1826.0,1795.6800537109375,1818.0,1646.5235595703125,3494490,0.0,0.0
2023-02-06 00:00:00+08:00,1780.0,1795.0,1760.0,1795.0,1625.693115234375,4266095,0.0,0.0
2023-02-07 00:00:00+08:00,1808.0799560546875,1808.800048828125,1787.72998046875,1797.0,1627.50439453125,2432171,0.0,0.0
2023-02-08 00:00:00+08:00,1800.010009765625,1805.969970703125,1775.0,1784.0,1615.7303466796875,1667577,0.0,0.0
2023-02-09 00:00:00+08:00,1778.0,1829.75,1775.010009765625,1818.0,1646.5235595703125,2975366,0.0,0.0
2023-02-10 00:00:00+08:00,1810.0999755859375,1818.489990234375,1801.050048828125,1810.0,1639.2783203125,1798451,0.0,0.0
2023-02-13 00:00:00+08:00,1810.0,1874.5,1810.0,1856.3499755859375,1681.25634765625,3814670,0.0,0.0
2023-02-14 00:00:00+08:00,1856.4599609375,1857.4000244140625,1835.0,1843.7900390625,1669.881103515625,1956576,0.0,0.0
2023-02-15 00:00:00+08:00,1843.780029296875,1855.300048828125,1835.81005859375,1841.0,1667.3543701171875,1817691,0.0,0.0
2023-02-16 00:00:00+08:00,1841.3399658203125,1887.0,1828.0,1861.8199462890625,1686.21044921875,3324595,0.0,0.0
2023-02-17 00:00:00+08:00,1850.1600341796875,1873.0,1820.050048828125,1820.780029296875,1649.0413818359375,2644283,0.0,0.0
2023-02-20 00:00:00+08:00,1821.0,1878.800048828125,1817.199951171875,1875.0,1698.1473388671875,2966869,0.0,0.0
2023-02-21 00:00:00+08:00,1874.0,1874.0,1851.0,1867.0,1690.90185546875,1875052,0.0,0.0
2023-02-22 00:00:00+08:00,1855.010009765625,1863.9000244140625,1831.800048828125,1836.0,1662.82568359375,2186916,0.0,0.0
2023-02-23 00:00:00+08:00,1840.0,1848.800048828125,1805.25,1818.0,1646.5235595703125,2188097,0.0,0.0
2023-02-24 00:00:00+08:00,1810.1099853515625,1810.18994140625,1782.1800537109375,1788.0,1619.3533935546875,2463461,0.0,0.0
2023-02-27 00:00:00+08:00,1778.5,1815.0,1775.02001953125,1810.4100341796875,1639.6495361328125,2206489,0.0,0.0
2023-02-28 00:00:00+08:00,1819.0,1822.010009765625,1783.300048828125,1813.739990234375,1642.6654052734375,2395181,0.0,0.0
2023-03-01 00:00:00+08:00,1813.0,1848.0,1803.22998046875,1838.530029296875,1665.1171875,2445810,0.0,0.0
2023-03-02 00:00:00+08:00,1829.0,1838.989990234375,1821.0999755859375,1828.0,1655.580322265625,1314419,0.0,0.0
2023-03-03 00:00:00+08:00,1839.77001953125,1841.6099853515625,1802.47998046875,1818.0400390625,1646.5599365234375,1619806,0.0,0.0
2023-03-06 00:00:00+08:00,1818.1800537109375,1818.5,1796.77001953125,1807.1400146484375,1636.6881103515625,2064586,0.0,0.0
2023-03-07 00:00:00+08:00,1805.97998046875,1816.5999755859375,1788.0,1788.300048828125,1619.6248779296875,2278539,0.0,0.0
2023-03-08 00:00:00+08:00,1780.02001953125,1785.93994140625,1761.1199951171875,1770.4200439453125,1603.431396484375,2276370,0.0,0.0
2023-03-09 00:00:00+08:00,1768.0,1785.0,1740.0,1770.02001953125,1603.0693359375,2761150,0.0,0.0
2023-03-10 00:00:00+08:00,1751.5699462890625,1781.0,1750.0,1750.0,1584.9373779296875,2116082,0.0,0.0
2023-03-13 00:00:00+08:00,1751.0,1775.0,1749.0,1762.0,1595.8055419921875,2056043,0.0,0.0
2023-03-14 00:00:00+08:00,1763.780029296875,1779.8800048828125,1738.5,1766.0,1599.4283447265625,2370492,0.0,0.0
2023-03-15 00:00:00+08:00,1778.3699951171875,1784.8800048828125,1750.1199951171875,1750.9200439453125,1585.770751953125,1921253,0.0,0.0
2023-03-16 00:00:00+08:00,1740.0,1770.0,1739.010009765625,1751.989990234375,1586.7398681640625,1764624,0.0,0.0
2023-03-17 00:00:00+08:00,1770.0,1775.8900146484375,1736.0,1742.0,1577.6920166015625,2702291,0.0,0.0
2023-03-20 00:00:00+08:00,1751.0,1755.0,1728.0,1729.5999755859375,1566.461669921875,2049093,0.0,0.0
2023-03-21 00:00:00+08:00,1735.0,1785.8499755859375,1723.969970703125,1775.0,1607.5794677734375,3114182,0.0,0.0
2023-03-22 00:00:00+08:00,1780.0,1793.0,1765.550048828125,1773.3499755859375,1606.0848388671875,1533026,0.0,0.0
2023-03-23 00:00:00+08:00,1766.0,1791.1099853515625,1765.010009765625,1774.8599853515625,1607.4525146484375,1735566,0.0,0.0
2023-03-24 00:00:00+08:00,1769.0799560546875,1783.5999755859375,1766.0,1778.6199951171875,1610.8580322265625,1276996,0.0,0.0
2023-03-27 00:00:00+08:00,1778.5999755859375,1778.5999755859375,1756.0,1767.7900390625,1601.0496826171875,1529555,0.0,0.0
2023-03-28 00:00:00+08:00,1770.0,1790.0,1765.02001953125,1781.800048828125,1613.738037109375,1726135,0.0,0.0
2023-03-29 00:00:00+08:00,1799.0,1800.0,1785.0699462890625,1790.0,1621.1646728515625,1539299,0.0,0.0
2023-03-30 00:00:00+08:00,1793.0,1805.0,1779.0,1800.0,1630.2213134765625,1925701,0.0,0.0
2023-03-31 00:00:00+08:00,1825.0,1848.0,1819.0,1820.0,1648.3349609375,2744633,0.0,0.0
2023-04-03 00:00:00+08:00,1825.0,1827.77001953125,1800.0799560546875,1802.0699462890625,1632.0960693359375,2141743,0.0,0.0
2023-04-04 00:00:00+08:00,1812.0,1815.1700439453125,1787.0,1814.5899658203125,1643.4351806640625,2006626,0.0,0.0
2023-04-06 00:00:00+08:00,1805.0,1815.9000244140625,1788.219970703125,1796.9599609375,1627.4681396484375,1487422,0.0,0.0
2023-04-07 00:00:00+08:00,1795.0,1806.010009765625,1788.3399658203125,1790.989990234375,1622.0611572265625,1352468,0.0,0.0
2023-04-10 00:00:00+08:00,1790.8800048828125,1790.8800048828125,1744.0,1771.699951171875,1604.5906982421875,2941822,0.0,0.0
2023-04-11 00:00:00+08:00,1793.0,1793.0,1744.0,1745.5,1580.862060546875,2920919,0.0,0.0
2023-04-12 00:00:00+08:00,1747.260009765625,1750.0,1692.8199462890625,1694.0999755859375,1534.31005859375,5110492,0.0,0.0
2023-04-13 00:00:00+08:00,1690.0,1723.5899658203125,1684.010009765625,1723.0,1560.4842529296875,2954268,0.0,0.0
2023-04-14 00:00:00+08:00,1726.0,1733.0,1704.800048828125,1713.4200439453125,1551.8077392578125,2123162,0.0,0.0
2023-04-17 00:00:00+08:00,1740.0,1753.0,1728.0,1753.0,1587.654541015625,3046723,0.0,0.0
2023-04-18 00:00:00+08:00,1753.0,1769.0,1746.02001953125,1758.0,1592.182861328125,1831389,0.0,0.0
2023-04-19 00:00:00+08:00,1762.0,1765.5,1750.0,1759.0,1593.0885009765625,1460056,0.0,0.0
2023-04-20 00:00:00+08:00,1760.1099853515625,1765.0,1729.0,1741.8800048828125,1577.5833740234375,1988537,0.0,0.0
2023-04-21 00:00:00+08:00,1746.0,1748.0799560546875,1721.280029296875,1725.469970703125,1562.72119140625,1851787,0.0,0.0
2023-04-24 00:00:00+08:00,1721.0,1722.0,1701.0,1705.0,1544.181884765625,2023091,0.0,0.0
2023-04-25 00:00:00+08:00,1706.0,1735.97998046875,1702.0,1730.3800048828125,1567.168212890625,2058251,0.0,0.0
2023-04-26 00:00:00+08:00,1744.0,1761.0,1720.0,1743.9100341796875,1579.421875,2789160,0.0,0.0
2023-04-27 00:00:00+08:00,1748.0,1770.0,1730.0,1757.9200439453125,1592.1104736328125,2560504,0.0,0.0
2023-04-28 00:00:00+08:00,1763.010009765625,1782.77001953125,1753.969970703125,1760.52001953125,1594.4652099609375,2622464,0.0,0.0
2023-05-04 00:00:00+08:00,1769.0,1777.6700439453125,1736.0,1749.9000244140625,1584.846923828125,2746642,0.0,0.0
2023-05-05 00:00:00+08:00,1766.0,1766.0,1736.3900146484375,1750.0,1584.9373779296875,2071421,0.0,0.0
2023-05-08 00:00:00+08:00,1768.3199462890625,1769.0,1717.1700439453125,1720.52001953125,1558.238037109375,3317126,0.0,0.0
2023-05-09 00:00:00+08:00,1715.0,1739.97998046875,1707.0699462890625,1722.0,1559.57861328125,2937796,0.0,0.0
2023-05-10 00:00:00+08:00,1715.18994140625,1736.0,1715.0,1725.0,1562.29541015625,2077260,0.0,0.0
2023-05-11 00:00:00+08:00,1731.0,1735.0,1715.0,1717.0699462890625,1555.1134033203125,1524612,0.0,0.0
2023-05-12 00:00:00+08:00,1715.0,1729.8800048828125,1705.010009765625,1706.4000244140625,1545.449951171875,1946045,0.0,0.0
2023-05-15 00:00:00+08:00,1702.0,1717.0,1691.199951171875,1716.300048828125,1554.4161376953125,2574018,0.0,0.0
2023-05-16 00:00:00+08:00,1713.989990234375,1719.989990234375,1697.0,1703.2900390625,1542.63330078125,2222377,0.0,0.0
2023-05-17 00:00:00+08:00,1708.0,1713.0,1699.010009765625,1701.0,1540.5592041015625,1677691,0.0,0.0
2023-05-18 00:00:00+08:00,1704.989990234375,1705.4000244140625,1690.0,1691.0,1531.5023193359375,1921928,0.0,0.0
2023-05-19 00:00:00+08:00,1671.0,1704.3299560546875,1655.550048828125,1699.5,1539.20068359375,2674116,0.0,0.0
2023-05-22 00:00:00+08:00,1690.010009765625,1752.0,1690.0,1746.0,1581.3148193359375,4128432,0.0,0.0
2023-05-23 00:00:00+08:00,1753.989990234375,1754.0,1724.550048828125,1724.550048828125,1561.8878173828125,1689421,0.0,0.0
2023-05-24 00:00:00+08:00,1732.3299560546875,1733.550048828125,1710.1099853515625,1710.9000244140625,1549.5252685546875,1847927,0.0,0.0
2023-05-25 00:00:00+08:00,1705.989990234375,1710.0,1690.0,1701.0,1540.5592041015625,2246560,0.0,0.0
2023-05-26 00:00:00+08:00,1702.0,1705.0,1675.010009765625,1690.56005859375,1531.1041259765625,1829110,0.0,0.0
2023-05-29 00:00:00+08:00,1697.0,1698.3499755859375,1678.0,1689.0,1529.6910400390625,1777141,0.0,0.0
2023-05-30 00:00:00+08:00,1689.0,1698.8900146484375,1658.56005859375,1668.2900390625,1510.9345703125,2645340,0.0,0.0
2023-05-31 00:00:00+08:00,1661.010009765625,1665.719970703125,1626.6700439453125,1628.9000244140625,1475.2598876953125,3695697,0.0,0.0
2023-06-01 00:00:00+08:00,1618.0,1674.989990234375,1618.0,1635.9200439453125,1481.61767578125,2864525,0.0,0.0
2023-06-02 00:00:00+08:00,1645.0,1673.1500244140625,1636.1099853515625,1670.5999755859375,1513.026611328125,2505802,0.0,0.0
2023-06-05 00:00:00+08:00,1666.1600341796875,1682.8800048828125,1663.0,1665.0,1507.954833984375,1620050,0.0,0.0
2023-06-06 00:00:00+08:00,1670.0,1684.0,1651.550048828125,1666.989990234375,1509.757080078125,1991392,0.0,0.0
2023-06-07 00:00:00+08:00,1672.989990234375,1678.800048828125,1650.0,1650.9000244140625,1495.1846923828125,1788964,0.0,0.0
2023-06-08 00:00:00+08:00,1655.8299560546875,1675.0,1650.010009765625,1668.0,1510.671875,1470272,0.0,0.0
2023-06-09 00:00:00+08:00,1671.989990234375,1677.969970703125,1666.0,1666.0,1508.8604736328125,1758041,0.0,0.0
2023-06-12 00:00:00+08:00,1666.02001953125,1708.0,1661.52001953125,1696.0,1536.0308837890625,2702944,0.0,0.0
2023-06-13 00:00:00+08:00,1693.8800048828125,1704.6099853515625,1685.0,1699.0,1538.747802734375,1466254,0.0,0.0
2023-06-14 00:00:00+08:00,1719.0,1734.239990234375,1706.2099609375,1726.8800048828125,1563.9981689453125,3150580,0.0,0.0
2023-06-15 00:00:00+08:00,1730.3399658203125,1755.6500244140625,1723.0,1755.0,1589.4658203125,2522257,0.0,0.0
2023-06-16 00:00:00+08:00,1757.0,1800.0,1750.0999755859375,1797.68994140625,1628.129150390625,3791789,0.0,0.0
2023-06-19 00:00:00+08:00,1790.0,1797.949951171875,1738.0,1744.0,1579.50341796875,3169992,0.0,0.0
2023-06-20 00:00:00+08:00,1740.0,1765.0,1735.0,1743.4599609375,1579.0142822265625,2094674,0.0,0.0
2023-06-21 00:00:00+08:00,1740.0,1756.5999755859375,1735.0,1735.8299560546875,1572.10400390625,1772061,0.0,0.0
2023-06-26 00:00:00+08:00,1720.1099853515625,1730.0,1695.0,1709.0,1547.8045654296875,2399268,0.0,0.0
2023-06-27 00:00:00+08:00,1709.989990234375,1719.699951171875,1700.0899658203125,1711.050048828125,1549.661376953125,1517446,0.0,0.0
2023-06-28 00:00:00+08:00,1713.1800537109375,1734.0,1711.0,1728.3800048828125,1565.3565673828125,1857356,0.0,0.0
2023-06-29 00:00:00+08:00,1731.0,1734.989990234375,1713.010009765625,1713.7099609375,1552.0703125,1423116,0.0,0.0
2023-06-30 00:00:00+08:00,1700.0,1708.989990234375,1686.47998046875,1691.0,1555.0140380859375,2045869,25.911,0.0
2023-07-03 00:00:00+08:00,1699.0,1725.280029296875,1692.0,1724.0999755859375,1585.4521484375,1913909,0.0,0.0
2023-07-04 00:00:00+08:00,1724.199951171875,1734.43994140625,1718.0799560546875,1730.5999755859375,1591.4295654296875,1247238,0.0,0.0
2023-07-05 00:00:00+08:00,1730.0,1731.969970703125,1700.0,1715.3800048828125,1577.4334716796875,1474539,0.0,0.0
2023-07-06 00:00:00+08:00,1709.1600341796875,1733.0,1700.0,1702.97998046875,1566.030517578125,1514062,0.0,0.0
2023-07-07 00:00:00+08:00,1701.0,1708.989990234375,1690.0,1690.030029296875,1554.1220703125,1516742,0.0,0.0
2023-07-10 00:00:00+08:00,1705.0,1714.9599609375,1700.0,1700.9000244140625,1564.117919921875,1347741,0.0,0.0
2023-07-11 00:00:00+08:00,1710.0,1715.1700439453125,1702.0999755859375,1710.0,1572.4862060546875,1258270,0.0,0.0
2023-07-12 00:00:00+08:00,1713.0400390625,1723.0,1711.3299560546875,1713.800048828125,1575.98046875,1328467,0.0,0.0
2023-07-13 00:00:00+08:00,1721.989990234375,1745.4100341796875,1719.010009765625,1738.4000244140625,1598.6021728515625,2580654,0.0,0.0
2023-07-14 00:00:00+08:00,1756.0,1758.5,1741.199951171875,1753.0,1612.0281982421875,1855030,0.0,0.0
2023-07-17 00:00:00+08:00,1751.0,1751.0,1726.5999755859375,1729.969970703125,1590.85009765625,1433648,0.0,0.0
2023-07-18 00:00:00+08:00,1733.5799560546875,1734.510009765625,1721.0,1722.800048828125,1584.2568359375,1473765,0.0,0.0
2023-07-19 00:00:00+08:00,1715.010009765625,1728.0,1713.800048828125,1723.0,1584.440673828125,1248322,0.0,0.0
2023-07-20 00:00:00+08:00,1727.989990234375,1748.97998046875,1722.0,1724.0,1585.3602294921875,1669265,0.0,0.0
2023-07-21 00:00:00+08:00,1731.8800048828125,1772.5,1726.0,1771.300048828125,1628.8564453125,3937740,0.0,0.0
2023-07-24 00:00:00+08:00,1750.52001953125,1771.1500244140625,1750.52001953125,1771.1500244140625,1628.7186279296875,1971337,0.0,0.0
2023-07-25 00:00:00+08:00,1800.0,1828.8800048828125,1799.989990234375,1828.550048828125,1681.5025634765625,4308646,0.0,0.0
2023-07-26 00:00:00+08:00,1828.550048828125,1835.989990234375,1815.0799560546875,1828.550048828125,1681.5025634765625,1961145,0.0,0.0
2023-07-27 00:00:00+08:00,1836.0,1854.7900390625,1828.699951171875,1838.030029296875,1690.22021484375,2034043,0.0,0.0
2023-07-28 00:00:00+08:00,1832.0,1900.0,1828.010009765625,1897.0,1744.447998046875,3901792,0.0,0.0
2023-07-31 00:00:00+08:00,1908.0,1935.0,1874.0,1880.5799560546875,1729.3485107421875,4537861,0.0,0.0
2023-08-01 00:00:00+08:00,1878.010009765625,1906.949951171875,1877.8900146484375,1889.0,1737.0914306640625,1923062,0.0,0.0
2023-08-02 00:00:00+08:00,1883.4000244140625,1890.0,1866.800048828125,1880.0,1728.8150634765625,1850872,0.0,0.0
2023-08-03 00:00:00+08:00,1870.0,1890.0,1850.5,1878.469970703125,1727.407958984375,2154347,0.0,0.0
2023-08-04 00:00:00+08:00,1887.8199462890625,1906.52001953125,1882.0,1893.469970703125,1741.2017822265625,2457364,0.0,0.0
2023-08-07 00:00:00+08:00,1880.949951171875,1898.0,1871.030029296875,1887.9300537109375,1736.1075439453125,2389245,0.0,0.0
2023-08-08 00:00:00+08:00,1880.030029296875,1893.7099609375,1864.0799560546875,1890.0,1738.0108642578125,1773618,0.0,0.0
2023-08-09 00:00:00+08:00,1890.0,1905.0,1882.9599609375,1890.280029296875,1738.2684326171875,1852346,0.0,0.0
2023-08-10 00:00:00+08:00,1882.0,1889.0,1862.300048828125,1875.0,1724.2171630859375,1843619,0.0,0.0
2023-08-11 00:00:00+08:00,1885.0,1885.4000244140625,1833.8800048828125,1834.0,1686.514404296875,2678649,0.0,0.0
2023-08-14 00:00:00+08:00,1810.0,1824.97998046875,1796.0,1803.0,1658.0072021484375,2373119,0.0,0.0
2023-08-15 00:00:00+08:00,1809.0,1818.0,1801.010009765625,1812.97998046875,1667.1846923828125,1481799,0.0,0.0
2023-08-16 00:00:00+08:00,1807.5799560546875,1823.3499755859375,1806.0,1820.0,1673.6402587890625,1318431,0.0,0.0
2023-08-17 00:00:00+08:00,1806.0799560546875,1834.0,1801.550048828125,1828.050048828125,1681.0428466796875,1729037,0.0,0.0
2023-08-18 00:00:00+08:00,1831.989990234375,1834.989990234375,1802.5899658203125,1802.5899658203125,1657.6302490234375,1702334,0.0,0.0
2023-08-21 00:00:00+08:00,1793.0,1813.989990234375,1790.0699462890625,1791.0,1646.97216796875,1891181,0.0,0.0
2023-08-22 00:00:00+08:00,1800.989990234375,1802.56005859375,1771.02001953125,1788.0,1644.213623046875,2665036,0.0,0.0
2023-08-23 00:00:00+08:00,1797.0,1800.0,1770.0799560546875,1774.0,1631.33935546875,1991222,0.0,0.0
2023-08-24 00:00:00+08:00,1779.6199951171875,1828.0,1775.0,1816.300048828125,1670.2376708984375,2605509,0.0,0.0
2023-08-25 00:00:00+08:00,1808.7900390625,1837.77001953125,1806.010009765625,1824.97998046875,1678.2197265625,1883086,0.0,0.0
2023-08-28 00:00:00+08:00,1898.5799560546875,1898.5799560546875,1831.8800048828125,1834.969970703125,1687.40625,4105213,0.0,0.0
2023-08-29 00:00:00+08:00,1828.0,1869.0799560546875,1828.0,1851.3299560546875,1702.4508056640625,2895028,0.0,0.0
2023-08-30 00:00:00+08:00,1867.9000244140625,1868.0,1843.6600341796875,1856.0,1706.7452392578125,1981181,0.0,0.0
2023-08-31 00:00:00+08:00,1860.0,1860.0,1841.010009765625,1847.0,1698.468994140625,1482022,0.0,0.0
2023-09-01 00:00:00+08:00,1852.8299560546875,1865.469970703125,1846.030029296875,1851.050048828125,1702.1932373046875,1314519,0.0,0.0
2023-09-04 00:00:00+08:00,1862.5999755859375,1879.93994140625,1853.530029296875,1866.0,1715.94091796875,2387100,0.0,0.0
2023-09-05 00:00:00+08:00,1868.0,1868.0,1856.800048828125,1858.699951171875,1709.2279052734375,1565874,0.0,0.0
2023-09-06 00:00:00+08:00,1858.0,1866.6600341796875,1849.010009765625,1861.0,1711.3431396484375,1112143,0.0,0.0
2023-09-07 00:00:00+08:00,1852.5999755859375,1856.8900146484375,1831.18994140625,1838.0,1690.192626953125,1698157,0.0,0.0
2023-09-08 00:00:00+08:00,1834.93994140625,1834.93994140625,1814.949951171875,1818.5,1672.2607421875,1221178,0.0,0.0
2023-09-11 00:00:00+08:00,1808.0,1840.0,1808.0,1822.1700439453125,1675.6357421875,1592600,0.0,0.0
2023-09-12 00:00:00+08:00,1826.5999755859375,1826.97998046875,1816.02001953125,1819.9599609375,1673.6033935546875,1216801,0.0,0.0
2023-09-13 00:00:00+08:00,1829.9200439453125,1829.9200439453125,1800.050048828125,1819.9100341796875,1673.557373046875,1950143,0.0,0.0
2023-09-14 00:00:00+08:00,1822.530029296875,1826.97998046875,1806.0,1818.68994140625,1672.435546875,1750459,0.0,0.0
2023-09-15 00:00:00+08:00,1819.0,1819.780029296875,1781.300048828125,1781.989990234375,1638.686767578125,2843146,0.0,0.0
2023-09-18 00:00:00+08:00,1776.31005859375,1829.5,1773.0,1829.199951171875,1682.100341796875,3255892,0.0,0.0
2023-09-19 00:00:00+08:00,1822.199951171875,1829.0,1808.0,1826.93994140625,1680.0220947265625,1498950,0.0,0.0
2023-09-20 00:00:00+08:00,1822.0,1830.0,1818.050048828125,1824.0,1677.3184814453125,1250178,0.0,0.0
2023-09-21 00:00:00+08:00,1818.010009765625,1822.0,1798.3900146484375,1798.3900146484375,1653.7679443359375,1948919,0.0,0.0
2023-09-22 00:00:00+08:00,1805.6300048828125,1849.9599609375,1792.4100341796875,1849.0,1700.3079833984375,3439046,0.0,0.0
2023-09-25 00:00:00+08:00,1847.5,1848.0,1826.5899658203125,1832.3800048828125,1685.024658203125,1397913,0.0,0.0
2023-09-26 00:00:00+08:00,1828.0,1834.8800048828125,1813.0999755859375,1816.0,1669.9617919921875,1576196,0.0,0.0
2023-09-27 00:00:00+08:00,1815.0,1833.5,1802.800048828125,1814.0,1668.12255859375,2087994,0.0,0.0
2023-09-28 00:00:00+08:00,1824.97998046875,1824.97998046875,1797.800048828125,1798.550048828125,1653.9151611328125,2053784,0.0,0.0
2023-10-09 00:00:00+08:00,1796.93994140625,1796.93994140625,1764.9000244140625,1777.0,1634.0980224609375,2976268,0.0,0.0
2023-10-10 00:00:00+08:00,1782.8900146484375,1798.97998046875,1768.0,1770.0,1627.6610107421875,2028392,0.0,0.0
2023-10-11 00:00:00+08:00,1784.6500244140625,1784.6500244140625,1768.0,1778.5,1635.4775390625,2194486,0.0,0.0
2023-10-12 00:00:00+08:00,1797.9000244140625,1798.22998046875,1777.199951171875,1786.0,1642.3743896484375,1486507,0.0,0.0
2023-10-13 00:00:00+08:00,1770.8800048828125,1778.010009765625,1738.18994140625,1751.0,1610.18896484375,2502788,0.0,0.0
2023-10-16 00:00:00+08:00,1750.97998046875,1756.0,1722.449951171875,1729.9000244140625,1590.7857666015625,2078965,0.0,0.0
2023-10-17 00:00:00+08:00,1739.0,1739.43994140625,1716.0,1726.0,1587.1993408203125,1494523,0.0,0.0
2023-10-18 00:00:00+08:00,1718.800048828125,1742.0,1717.1800537109375,1728.0,1589.0384521484375,2031750,0.0,0.0
2023-10-19 00:00:00+08:00,1700.0,1700.030029296875,1626.030029296875,1630.0,1498.91943359375,7349237,0.0,0.0
2023-10-20 00:00:00+08:00,1630.0,1655.0,1616.25,1645.0,1512.7132568359375,4537601,0.0,0.0
2023-10-23 00:00:00+08:00,1629.969970703125,1660.0,1621.5999755859375,1643.97998046875,1511.775146484375,2523423,0.0,0.0
2023-10-24 00:00:00+08:00,1648.0,1653.3599853515625,1621.2099609375,1642.949951171875,1510.8280029296875,2986146,0.0,0.0
2023-10-25 00:00:00+08:00,1670.1099853515625,1698.0,1667.02001953125,1677.5,1542.5994873046875,3617898,0.0,0.0
2023-10-26 00:00:00+08:00,1667.0,1688.0,1662.010009765625,1672.22998046875,1537.75341796875,2238635,0.0,0.0
2023-10-27 00:00:00+08:00,1664.0,1691.8800048828125,1660.5999755859375,1676.7099609375,1541.8731689453125,3426239,0.0,0.0
2023-10-30 00:00:00+08:00,1669.0,1688.8800048828125,1669.0,1681.0,1545.818115234375,2408642,0.0,0.0
2023-10-31 00:00:00+08:00,1680.0,1690.0,1667.8499755859375,1684.5799560546875,1549.110107421875,1985877,0.0,0.0
2023-11-01 00:00:00+08:00,1850.0,1850.0,1773.7900390625,1780.989990234375,1637.7672119140625,9314308,0.0,0.0
2023-11-02 00:00:00+08:00,1795.0,1795.0,1776.06005859375,1779.5,1636.3970947265625,2790764,0.0,0.0
2023-11-03 00:00:00+08:00,1780.0,1814.8900146484375,1774.0,1811.239990234375,1665.5845947265625,3017600,0.0,0.0
2023-11-06 00:00:00+08:00,1820.0,1823.7900390625,1801.1199951171875,1812.0,1666.2835693359375,2552392,0.0,0.0
2023-11-07 00:00:00+08:00,1805.0,1810.0,1784.0799560546875,1791.1700439453125,1647.128662109375,1958159,0.0,0.0
2023-11-08 00:00:00+08:00,1784.050048828125,1803.800048828125,1782.8699951171875,1798.3399658203125,1653.7220458984375,1454567,0.0,0.0
2023-11-09 00:00:00+08:00,1790.1099853515625,1799.0,1783.0,1794.1099853515625,1649.8321533203125,1280048,0.0,0.0
2023-11-10 00:00:00+08:00,1780.550048828125,1788.0,1773.0999755859375,1775.8399658203125,1633.0313720703125,1646557,0.0,0.0
2023-11-13 00:00:00+08:00,1772.280029296875,1784.8800048828125,1756.97998046875,1764.0,1622.1435546875,1836995,0.0,0.0
2023-11-14 00:00:00+08:00,1764.0,1774.989990234375,1760.010009765625,1765.27001953125,1623.3115234375,1281675,0.0,0.0
2023-11-15 00:00:00+08:00,1779.0,1782.8900146484375,1767.0,1772.9300537109375,1630.3553466796875,1843486,0.0,0.0
2023-11-16 00:00:00+08:00,1774.0,1776.0,1760.050048828125,1760.050048828125,1618.5111083984375,1255757,0.0,0.0
2023-11-17 00:00:00+08:00,1752.0,1759.0,1737.9000244140625,1753.4200439453125,1612.41455078125,2171363,0.0,0.0
2023-11-20 00:00:00+08:00,1755.0,1769.5,1736.6600341796875,1762.5,1620.7640380859375,1860804,0.0,0.0
2023-11-21 00:00:00+08:00,1783.4200439453125,1798.0,1770.0999755859375,1790.0,1646.052734375,3009845,0.0,0.0
2023-11-22 00:00:00+08:00,1783.300048828125,1794.3499755859375,1780.5400390625,1781.510009765625,1638.24560546875,1266457,0.0,0.0
2023-11-23 00:00:00+08:00,1778.300048828125,1788.0,1771.0,1786.0,1642.3743896484375,1154964,0.0,0.0
2023-11-24 00:00:00+08:00,1789.0,1789.0,1775.0,1777.0,1634.0980224609375,1308540,0.0,0.0
2023-11-27 00:00:00+08:00,1773.300048828125,1773.300048828125,1755.0,1763.0,1621.2239990234375,1626074,0.0,0.0
2023-11-28 00:00:00+08:00,1761.0,1773.8800048828125,1758.0,1769.0400390625,1626.7783203125,1451976,0.0,0.0
2023-11-29 00:00:00+08:00,1768.0,1776.0,1758.0,1774.7099609375,1631.9923095703125,1714933,0.0,0.0
2023-11-30 00:00:00+08:00,1776.719970703125,1794.760009765625,1771.0799560546875,1791.5,1647.4320068359375,2135342,0.0,0.0
2023-12-01 00:00:00+08:00,1789.31005859375,1789.699951171875,1748.0,1760.280029296875,1618.72265625,3305131,0.0,0.0
2023-12-04 00:00:00+08:00,1760.280029296875,1761.8299560546875,1745.280029296875,1750.7099609375,1609.9222412109375,1844047,0.0,0.0
2023-12-05 00:00:00+08:00,1748.780029296875,1748.8800048828125,1708.02001953125,1709.0,1571.5665283203125,2990301,0.0,0.0
2023-12-06 00:00:00+08:00,1702.6300048828125,1719.469970703125,1701.1300048828125,1703.0,1566.0489501953125,2385129,0.0,0.0
2023-12-07 00:00:00+08:00,1704.0,1709.0799560546875,1687.300048828125,1700.0,1563.290283203125,2504150,0.0,0.0
2023-12-08 00:00:00+08:00,1700.0,1708.8399658203125,1692.219970703125,1704.9200439453125,1567.814453125,2628801,0.0,0.0
2023-12-11 00:00:00+08:00,1690.0,1704.0,1657.0,1698.0,1561.4510498046875,3683098,0.0,0.0
2023-12-12 00:00:00+08:00,1687.5999755859375,1709.989990234375,1684.0,1709.989990234375,1572.476806640625,2101066,0.0,0.0
2023-12-13 00:00:00+08:00,1705.219970703125,1705.719970703125,1657.0799560546875,1660.0,1526.5069580078125,3878870,0.0,0.0
2023-12-14 00:00:00+08:00,1665.9599609375,1669.8699951171875,1635.02001953125,1635.9000244140625,1504.3450927734375,4067215,0.0,0.0
2023-12-15 00:00:00+08:00,1648.22998046875,1677.77001953125,1644.010009765625,1645.0,1512.7132568359375,3709251,0.0,0.0
2023-12-18 00:00:00+08:00,1640.0,1663.3299560546875,1635.0,1662.0,1528.3460693359375,1989734,0.0,0.0
2023-12-19 00:00:00+08:00,1665.0,1679.8699951171875,1645.0899658203125,1675.0,1540.30078125,2220676,0.0,0.0
2023-12-20 00:00:00+08:00,1658.0,1660.0,1643.0,1649.7900390625,1534.6226806640625,2309203,19.106,0.0
2023-12-21 00:00:00+08:00,1640.010009765625,1672.3199462890625,1640.010009765625,1670.0,1553.4219970703125,2901168,0.0,0.0
2023-12-22 00:00:00+08:00,1669.699951171875,1679.0999755859375,1658.010009765625,1670.6500244140625,1554.0267333984375,2166684,0.0,0.0
2023-12-25 00:00:00+08:00,1671.0,1678.5999755859375,1668.0,1672.0,1555.2823486328125,1247106,0.0,0.0
2023-12-26 00:00:00+08:00,1672.5,1674.9000244140625,1657.5,1670.0,1553.4219970703125,1477126,0.0,0.0
2023-12-27 00:00:00+08:00,1668.0,1677.1500244140625,1661.0,1667.06005859375,1550.6871337890625,1605550,0.0,0.0
2023-12-28 00:00:00+08:00,1670.989990234375,1727.989990234375,1667.06005859375,1724.989990234375,1604.5732421875,3833806,0.0,0.0
2023-12-29 00:00:00+08:00,1720.0,1749.5799560546875,1720.0,1726.0,1605.5126953125,2753868,0.0,0.0
2024-01-02 00:00:00+08:00,1715.0,1718.18994140625,1678.0999755859375,1685.010009765625,1567.38427734375,3215644,0.0,0.0
2024-01-03 00:00:00+08:00,1681.1099853515625,1695.219970703125,1676.3299560546875,1694.0,1575.74658203125,2022929,0.0,0.0
2024-01-04 00:00:00+08:00,1693.0,1693.0,1662.9300537109375,1669.0,1552.4918212890625,2155107,0.0,0.0
2024-01-05 00:00:00+08:00,1661.3299560546875,1678.6600341796875,1652.1099853515625,1663.3599853515625,1547.2454833984375,2024286,0.0,0.0
2024-01-08 00:00:00+08:00,1661.0,1662.0,1640.010009765625,1643.989990234375,1529.2276611328125,2558620,0.0,0.0
2024-01-09 00:00:00+08:00,1641.010009765625,1652.3199462890625,1635.0699462890625,1641.0,1526.4464111328125,2441204,0.0,0.0
2024-01-10 00:00:00+08:00,1641.0999755859375,1659.4599609375,1638.0,1641.5,1526.9114990234375,1735067,0.0,0.0
2024-01-11 00:00:00+08:00,1640.0999755859375,1657.93994140625,1638.06005859375,1646.5699462890625,1531.6275634765625,1644055,0.0,0.0
2024-01-12 00:00:00+08:00,1639.969970703125,1651.260009765625,1639.4000244140625,1643.06005859375,1528.362548828125,1160324,0.0,0.0
2024-01-15 00:00:00+08:00,1635.0,1654.969970703125,1634.449951171875,1640.0,1525.5159912109375,1785403,0.0,0.0
2024-01-16 00:00:00+08:00,1638.5,1647.0,1624.93994140625,1639.4300537109375,1524.9859619140625,2590314,0.0,0.0
2024-01-17 00:00:00+08:00,1630.0,1635.47998046875,1577.0,1577.0,1466.9139404296875,5163276,0.0,0.0
2024-01-18 00:00:00+08:00,1574.0,1612.800048828125,1555.550048828125,1610.8699951171875,1498.419677734375,6043981,0.0,0.0
2024-01-19 00:00:00+08:00,1608.8699951171875,1638.010009765625,1600.8800048828125,1635.0,1520.865234375,4637843,0.0,0.0
2024-01-22 00:00:00+08:00,1629.0,1643.0,1618.8800048828125,1642.0,1527.3765869140625,4694589,0.0,0.0
2024-01-23 00:00:00+08:00,1632.010009765625,1639.949951171875,1609.0,1619.0,1505.982177734375,3483490,0.0,0.0
2024-01-24 00:00:00+08:00,1629.0,1633.8399658203125,1603.56005859375,1626.0,1512.4935302734375,3321635,0.0,0.0
2024-01-25 00:00:00+08:00,1626.8199462890625,1641.0,1622.0,1638.0,1523.6558837890625,3120580,0.0,0.0
2024-01-26 00:00:00+08:00,1630.3599853515625,1644.0999755859375,1623.0,1637.3199462890625,1523.023193359375,2695475,0.0,0.0
2024-01-29 00:00:00+08:00,1640.300048828125,1660.5799560546875,1640.2900390625,1650.0,1534.818115234375,3142068,0.0,0.0
2024-01-30 00:00:00+08:00,1649.97998046875,1649.97998046875,1610.0,1613.0,1500.40087890625,3086633,0.0,0.0
2024-01-31 00:00:00+08:00,1613.0,1619.969970703125,1598.1300048828125,1604.9100341796875,1492.875732421875,2964912,0.0,0.0
2024-02-01 00:00:00+08:00,1605.5,1623.8900146484375,1601.0,1610.030029296875,1497.638427734375,2648515,0.0,0.0
2024-02-02 00:00:00+08:00,1615.0,1627.780029296875,1581.0,1596.0,1484.5875244140625,3938202,0.0,0.0
2024-02-05 00:00:00+08:00,1596.0,1637.43994140625,1595.25,1630.010009765625,1516.2235107421875,5313036,0.0,0.0
2024-02-06 00:00:00+08:00,1630.010009765625,1685.47998046875,1626.0999755859375,1676.0,1559.003173828125,5247204,0.0,0.0
2024-02-07 00:00:00+08:00,1681.030029296875,1714.5899658203125,1661.6099853515625,1710.989990234375,1591.5506591796875,5260107,0.0,0.0
2024-02-08 00:00:00+08:00,1720.010009765625,1725.0,1685.0,1706.0,1586.9088134765625,4675654,0.0,0.0
2024-02-19 00:00:00+08:00,1737.8699951171875,1737.9300537109375,1688.0,1695.4300537109375,1577.0770263671875,3697744,0.0,0.0
2024-02-20 00:00:00+08:00,1697.3599853515625,1697.3599853515625,1656.56005859375,1670.0,1553.4219970703125,3447007,0.0,0.0
2024-02-21 00:00:00+08:00,1666.02001953125,1731.0,1662.0,1717.6600341796875,1597.7548828125,4615407,0.0,0.0
2024-02-22 00:00:00+08:00,1707.5,1723.010009765625,1700.530029296875,1718.3800048828125,1598.4246826171875,2279361,0.0,0.0
2024-02-23 00:00:00+08:00,1711.1099853515625,1724.3800048828125,1700.02001953125,1714.0899658203125,1594.4342041015625,2730589,0.0,0.0
2024-02-26 00:00:00+08:00,1708.0,1708.739990234375,1685.02001953125,1694.97998046875,1576.6580810546875,2731832,0.0,0.0
2024-02-27 00:00:00+08:00,1683.0,1692.9200439453125,1678.0,1689.5,1571.560791015625,2207985,0.0,0.0
2024-02-28 00:00:00+08:00,1688.9200439453125,1696.5699462890625,1674.010009765625,1681.550048828125,1564.16552734375,3186731,0.0,0.0
2024-02-29 00:00:00+08:00,1681.550048828125,1696.5,1679.199951171875,1695.0,1576.6767578125,2475833,0.0,0.0
2024-03-01 00:00:00+08:00,1690.0,1694.969970703125,1676.6800537109375,1685.06005859375,1567.4307861328125,2686796,0.0,0.0
2024-03-04 00:00:00+08:00,1679.0,1680.989990234375,1670.050048828125,1676.300048828125,1559.2823486328125,2648477,0.0,0.0
2024-03-05 00:00:00+08:00,1670.81005859375,1697.0,1666.6800537109375,1695.0999755859375,1576.769775390625,3623837,0.0,0.0
2024-03-06 00:00:00+08:00,1691.0,1695.0,1678.02001953125,1680.550048828125,1563.2354736328125,2214248,0.0,0.0
2024-03-07 00:00:00+08:00,1680.0,1689.800048828125,1678.0,1683.6300048828125,1566.1005859375,2159912,0.0,0.0
2024-03-08 00:00:00+08:00,1680.56005859375,1686.6800537109375,1670.050048828125,1671.4300537109375,1554.752197265625,2215623,0.0,0.0
2024-03-11 00:00:00+08:00,1675.0,1698.8800048828125,1673.1800537109375,1694.489990234375,1576.202392578125,2989509,0.0,0.0
2024-03-12 00:00:00+08:00,1693.93994140625,1749.0999755859375,1690.5,1745.0,1623.1864013671875,5422654,0.0,0.0
2024-03-13 00:00:00+08:00,1739.969970703125,1748.0,1720.0999755859375,1727.449951171875,1606.8614501953125,2649954,0.0,0.0
2024-03-14 00:00:00+08:00,1719.0,1734.8399658203125,1711.5,1716.6300048828125,1596.7967529296875,1940479,0.0,0.0
2024-03-15 00:00:00+08:00,1712.5,1732.4000244140625,1712.0,1717.489990234375,1597.5968017578125,1783358,0.0,0.0
2024-03-18 00:00:00+08:00,1715.0,1719.8499755859375,1699.0,1708.260009765625,1589.0111083984375,2605501,0.0,0.0
2024-03-19 00:00:00+08:00,1703.0,1719.93994140625,1693.1099853515625,1708.02001953125,1588.787841796875,2394753,0.0,0.0
2024-03-20 00:00:00+08:00,1703.3599853515625,1713.6800537109375,1700.22998046875,1709.5999755859375,1590.257568359375,1524925,0.0,0.0
2024-03-21 00:00:00+08:00,1708.0999755859375,1719.0,1704.5,1709.0,1589.699462890625,1659597,0.0,0.0
2024-03-22 00:00:00+08:00,1705.030029296875,1708.989990234375,1688.0,1701.3499755859375,1582.58349609375,2545614,0.0,0.0
2024-03-25 00:00:00+08:00,1698.5400390625,1698.77001953125,1680.5799560546875,1689.010009765625,1571.1048583984375,2447285,0.0,0.0
2024-03-26 00:00:00+08:00,1687.4599609375,1712.800048828125,1687.4599609375,1709.2900390625,1589.96923828125,2806907,0.0,0.0
2024-03-27 00:00:00+08:00,1705.0,1712.0,1699.0,1701.0,1582.2579345703125,1811258,0.0,0.0
2024-03-28 00:00:00+08:00,1695.0,1718.0,1693.199951171875,1701.6400146484375,1582.853271484375,2464218,0.0,0.0
2024-03-29 00:00:00+08:00,1701.6400146484375,1710.989990234375,1698.6400146484375,1702.9000244140625,1584.0252685546875,751980,0.0,0.0
2024-04-01 00:00:00+08:00,1709.989990234375,1734.0,1708.699951171875,1721.3299560546875,1601.168701171875,2713137,0.0,0.0
2024-04-02 00:00:00+08:00,1722.0,1724.989990234375,1705.050048828125,1713.989990234375,1594.3411865234375,2544925,0.0,0.0
2024-04-03 00:00:00+08:00,1734.0,1739.43994140625,1710.02001953125,1715.1099853515625,1595.3828125,2904580,0.0,0.0
2024-04-08 00:00:00+08:00,1695.0,1696.0,1662.5999755859375,1666.6600341796875,1550.315185546875,5916659,0.0,0.0
2024-04-09 00:00:00+08:00,1660.6700439453125,1673.0,1658.449951171875,1662.219970703125,1546.1849365234375,2558982,0.0,0.0
2024-04-10 00:00:00+08:00,1662.27001953125,1664.989990234375,1645.0,1647.97998046875,1532.9390869140625,2763050,0.0,0.0
2024-04-11 00:00:00+08:00,1640.1099853515625,1650.0,1634.68994140625,1648.0,1532.9576416015625,2276624,0.0,0.0
2024-04-12 00:00:00+08:00,1651.0,1664.0,1634.030029296875,1634.030029296875,1519.9630126953125,2674433,0.0,0.0
2024-04-15 00:00:00+08:00,1635.010009765625,1675.6099853515625,1634.97998046875,1672.97998046875,1556.19384765625,3581771,0.0,0.0
2024-04-16 00:00:00+08:00,1665.489990234375,1679.56005859375,1659.0,1670.0,1553.4219970703125,2626623,0.0,0.0
2024-04-17 00:00:00+08:00,1668.0,1675.199951171875,1658.0,1667.0,1550.63134765625,2481911,0.0,0.0
2024-04-18 00:00:00+08:00,1659.010009765625,1682.97998046875,1658.1800537109375,1670.780029296875,1554.1475830078125,2656841,0.0,0.0
2024-04-19 00:00:00+08:00,1660.780029296875,1668.5,1641.280029296875,1646.6400146484375,1531.6927490234375,2349992,0.0,0.0
2024-04-22 00:00:00+08:00,1654.0,1678.8800048828125,1645.0,1675.06005859375,1558.1287841796875,2995139,0.0,0.0
2024-04-23 00:00:00+08:00,1675.0,1695.0,1675.0,1692.280029296875,1574.1466064453125,2497995,0.0,0.0
2024-04-24 00:00:00+08:00,1696.97998046875,1699.9100341796875,1683.3299560546875,1693.5999755859375,1575.3743896484375,1708643,0.0,0.0
2024-04-25 00:00:00+08:00,1690.3299560546875,1695.5999755859375,1682.25,1693.0400390625,1574.853759765625,1447648,0.0,0.0
2024-04-26 00:00:00+08:00,1694.0,1714.0,1693.97998046875,1709.4300537109375,1590.0994873046875,3099592,0.0,0.0
2024-04-29 00:00:00+08:00,1696.949951171875,1728.0,1693.8199462890625,1704.0,1585.048583984375,4133223,0.0,0.0
2024-04-30 00:00:00+08:00,1705.010009765625,1729.8800048828125,1705.0,1705.0,1585.9786376953125,3075989,0.0,0.0
2024-05-06 00:00:00+08:00,1733.969970703125,1765.0,1727.0,1760.199951171875,1637.3253173828125,5990949,0.0,0.0
2024-05-07 00:00:00+08:00,1765.7900390625,1777.800048828125,1756.6800537109375,1770.0,1646.4412841796875,2492452,0.0,0.0
2024-05-08 00:00:00+08:00,1769.68994140625,1769.969970703125,1755.6700439453125,1763.969970703125,1640.8321533203125,1476909,0.0,0.0
2024-05-09 00:00:00+08:00,1758.0,1764.97998046875,1750.0,1756.0,1633.41845703125,2238734,0.0,0.0
2024-05-10 00:00:00+08:00,1761.0999755859375,1767.8800048828125,1733.989990234375,1738.97998046875,1617.5865478515625,2620661,0.0,0.0
2024-05-13 00:00:00+08:00,1732.02001953125,1732.6600341796875,1701.219970703125,1706.0,1586.9088134765625,3766212,0.0,0.0
2024-05-14 00:00:00+08:00,1705.989990234375,1713.27001953125,1700.010009765625,1701.97998046875,1583.16943359375,2127417,0.0,0.0
2024-05-15 00:00:00+08:00,1702.5799560546875,1708.0,1698.5899658203125,1700.0,1581.3277587890625,1573876,0.0,0.0
2024-05-16 00:00:00+08:00,1705.0,1709.8800048828125,1690.0,1704.5,1585.5135498046875,2967954,0.0,0.0
2024-05-17 00:00:00+08:00,1700.010009765625,1716.5799560546875,1700.0,1715.0,1595.280517578125,2892388,0.0,0.0
2024-05-20 00:00:00+08:00,1717.989990234375,1732.989990234375,1708.1099853515625,1709.0,1589.699462890625,3142572,0.0,0.0
2024-05-21 00:00:00+08:00,1708.0,1709.72998046875,1698.1600341796875,1705.0,1585.9786376953125,1629339,0.0,0.0
2024-05-22 00:00:00+08:00,1703.0,1709.9599609375,1691.0,1697.7099609375,1579.197509765625,2028568,0.0,0.0
2024-05-23 00:00:00+08:00,1700.0,1706.3800048828125,1690.0799560546875,1692.010009765625,1573.8953857421875,1888497,0.0,0.0
2024-05-24 00:00:00+08:00,1693.0,1695.0,1677.0,1677.0799560546875,1560.007568359375,2021663,0.0,0.0
2024-05-27 00:00:00+08:00,1678.0,1687.449951171875,1668.010009765625,1670.1199951171875,1553.533447265625,2509791,0.0,0.0
2024-05-28 00:00:00+08:00,1670.4000244140625,1675.1700439453125,1663.0,1664.6400146484375,1548.43603515625,2352087,0.0,0.0
2024-05-29 00:00:00+08:00,1666.0,1680.0,1665.0,1674.0,1557.1427001953125,1965128,0.0,0.0
2024-05-30 00:00:00+08:00,1675.0,1675.3800048828125,1649.0,1649.0,1533.887939453125,3220792,0.0,0.0
2024-05-31 00:00:00+08:00,1650.5,1663.5,1648.449951171875,1648.449951171875,1533.3763427734375,2185665,0.0,0.0
2024-06-03 00:00:00+08:00,1650.0,1650.9200439453125,1635.1099853515625,1639.3900146484375,1524.9486083984375,3026105,0.0,0.0
2024-06-04 00:00:00+08:00,1640.5,1656.0,1636.550048828125,1653.199951171875,1537.794677734375,2084108,0.0,0.0
2024-06-05 00:00:00+08:00,1652.0,1658.6800537109375,1643.030029296875,1644.0,1529.2369384765625,1905557,0.0,0.0
2024-06-06 00:00:00+08:00,1643.6600341796875,1651.989990234375,1635.9100341796875,1639.81005859375,1525.33935546875,2561005,0.0,0.0
2024-06-07 00:00:00+08:00,1646.1300048828125,1646.1800537109375,1619.010009765625,1619.1800537109375,1506.149658203125,3352455,0.0,0.0
2024-06-11 00:00:00+08:00,1602.989990234375,1605.0,1567.0,1569.0,1459.472412109375,7024676,0.0,0.0
2024-06-12 00:00:00+08:00,1570.0,1590.0,1570.0,1571.6800537109375,1461.96533203125,3317050,0.0,0.0
2024-06-13 00:00:00+08:00,1576.77001953125,1576.8900146484375,1553.1500244140625,1555.010009765625,1446.4591064453125,3618597,0.0,0.0
2024-06-14 00:00:00+08:00,1555.0,1563.9599609375,1520.4599609375,1555.0,1446.4498291015625,5951416,0.0,0.0
2024-06-17 00:00:00+08:00,1532.2900390625,1548.77001953125,1511.010009765625,1541.5,1433.8922119140625,4831816,0.0,0.0
2024-06-18 00:00:00+08:00,1530.8900146484375,1554.5400390625,1516.6800537109375,1521.5,1415.2884521484375,4125825,0.0,0.0
2024-06-19 00:00:00+08:00,1497.989990234375,1504.0,1482.0999755859375,1501.0,1425.1400146484375,4126153,30.876,0.0
2024-06-20 00:00:00+08:00,1500.0,1516.010009765625,1498.0,1500.0999755859375,1424.285400390625,2471068,0.0,0.0
2024-06-21 00:00:00+08:00,1500.5,1504.97998046875,1470.219970703125,1471.0,1396.6561279296875,4331997,0.0,0.0
2024-06-24 00:00:00+08:00,1423.0,1488.989990234375,1414.010009765625,1476.550048828125,1401.9256591796875,6383993,0.0,0.0
2024-06-25 00:00:00+08:00,1477.0,1502.989990234375,1477.0,1486.6500244140625,1411.51513671875,4209795,0.0,0.0
2024-06-26 00:00:00+08:00,1480.0,1501.0699462890625,1477.800048828125,1489.219970703125,1413.9552001953125,2956977,0.0,0.0
2024-06-27 00:00:00+08:00,1492.0,1493.969970703125,1468.0,1490.489990234375,1415.1610107421875,3282178,0.0,0.0
2024-06-28 00:00:00+08:00,1480.0,1494.489990234375,1464.0,1467.3900146484375,1393.228515625,3858202,0.0,0.0
2024-07-01 00:00:00+08:00,1468.8800048828125,1472.989990234375,1428.0,1440.3800048828125,1367.5836181640625,3216138,0.0,0.0
2024-07-02 00:00:00+08:00,1433.0,1498.0,1433.0,1490.699951171875,1415.3604736328125,5185298,0.0,0.0
2024-07-03 00:00:00+08:00,1499.0,1513.010009765625,1488.02001953125,1500.0,1424.1904296875,3157326,0.0,0.0
2024-07-04 00:00:00+08:00,1505.0,1512.0,1481.1300048828125,1485.739990234375,1410.651123046875,2437973,0.0,0.0
2024-07-05 00:00:00+08:00,1485.739990234375,1485.739990234375,1485.739990234375,1485.739990234375,1410.651123046875,0,0.0,0.0
2024-07-08 00:00:00+08:00,1443.0,1457.77001953125,1419.1400146484375,1420.0,1348.233642578125,3952705,0.0,0.0
2024-07-09 00:00:00+08:00,1420.0,1454.8900146484375,1410.0999755859375,1438.030029296875,1365.3524169921875,3362071,0.0,0.0
2024-07-10 00:00:00+08:00,1439.25,1465.8800048828125,1435.0,1437.5899658203125,1364.9345703125,2376322,0.0,0.0
2024-07-11 00:00:00+08:00,1449.969970703125,1469.0,1440.2099609375,1462.0899658203125,1388.1964111328125,2902014,0.0,0.0
2024-07-12 00:00:00+08:00,1473.010009765625,1486.4000244140625,1465.449951171875,1478.8199462890625,1404.080810546875,2338634,0.0,0.0
2024-07-15 00:00:00+08:00,1470.0,1488.0,1470.0,1474.9000244140625,1400.3590087890625,1917626,0.0,0.0
2024-07-16 00:00:00+08:00,1476.0,1482.0,1465.050048828125,1476.0,1401.4034423828125,2031644,0.0,0.0
2024-07-17 00:00:00+08:00,1476.0999755859375,1503.0,1470.02001953125,1501.4000244140625,1425.5196533203125,3431101,0.0,0.0
2024-07-18 00:00:00+08:00,1499.5,1515.0,1492.530029296875,1497.510009765625,1421.8262939453125,2887039,0.0,0.0
2024-07-19 00:00:00+08:00,1490.81005859375,1529.1800537109375,1484.010009765625,1525.6199951171875,1448.5155029296875,3894291,0.0,0.0
2024-07-22 00:00:00+08:00,1525.030029296875,1529.97998046875,1491.6500244140625,1499.0,1423.2410888671875,2854321,0.0,0.0
2024-07-23 00:00:00+08:00,1499.0,1501.0,1455.0,1455.0,1381.4647216796875,3094396,0.0,0.0
2024-07-24 00:00:00+08:00,1450.199951171875,1463.699951171875,1435.0,1440.02001953125,1367.2418212890625,2412255,0.0,0.0
2024-07-25 00:00:00+08:00,1440.02001953125,1448.0,1420.010009765625,1430.489990234375,1358.1934814453125,2834656,0.0,0.0
2024-07-26 00:00:00+08:00,1430.489990234375,1437.719970703125,1410.9000244140625,1422.18994140625,1350.31298828125,3235379,0.0,0.0
2024-07-29 00:00:00+08:00,1415.0,1421.989990234375,1398.0,1398.02001953125,1327.364501953125,3086907,0.0,0.0
2024-07-30 00:00:00+08:00,1385.97998046875,1390.27001953125,1361.300048828125,1379.989990234375,1310.2457275390625,5177904,0.0,0.0
2024-07-31 00:00:00+08:00,1373.0999755859375,1427.27001953125,1373.0999755859375,1421.280029296875,1349.4488525390625,4327232,0.0,0.0
2024-08-01 00:00:00+08:00,1418.0,1420.0,1384.699951171875,1386.1600341796875,1316.1038818359375,3203810,0.0,0.0
2024-08-02 00:00:00+08:00,1373.5999755859375,1396.969970703125,1373.5999755859375,1385.449951171875,1315.4296875,2192769,0.0,0.0
2024-08-05 00:00:00+08:00,1388.8800048828125,1426.0,1385.52001953125,1410.010009765625,1338.74853515625,3773607,0.0,0.0
2024-08-06 00:00:00+08:00,1422.0,1424.0,1394.010009765625,1404.699951171875,1333.7069091796875,2744433,0.0,0.0
2024-08-07 00:00:00+08:00,1405.5,1421.989990234375,1398.300048828125,1415.5,1343.9610595703125,2062221,0.0,0.0
2024-08-08 00:00:00+08:00,1411.0,1448.1800537109375,1409.0,1430.68994140625,1358.3831787109375,2513082,0.0,0.0
2024-08-09 00:00:00+08:00,1460.030029296875,1469.0,1436.800048828125,1436.800048828125,1364.1846923828125,3013849,0.0,0.0
2024-08-12 00:00:00+08:00,1430.0,1443.0,1426.5799560546875,1436.0999755859375,1363.5198974609375,1363203,0.0,0.0
2024-08-13 00:00:00+08:00,1433.0,1435.0,1412.010009765625,1423.010009765625,1351.0914306640625,1630843,0.0,0.0
2024-08-14 00:00:00+08:00,1423.010009765625,1424.9000244140625,1412.02001953125,1413.300048828125,1341.872314453125,1341431,0.0,0.0
2024-08-15 00:00:00+08:00,1405.030029296875,1435.989990234375,1403.949951171875,1426.8900146484375,1354.775390625,2303897,0.0,0.0
2024-08-16 00:00:00+08:00,1426.7900390625,1435.9200439453125,1417.010009765625,1431.199951171875,1358.8675537109375,1645470,0.0,0.0
2024-08-19 00:00:00+08:00,1432.0,1458.8800048828125,1425.0,1425.43994140625,1353.398681640625,2043279,0.0,0.0
2024-08-20 00:00:00+08:00,1429.9000244140625,1429.9300537109375,1414.0,1422.719970703125,1350.816162109375,1859138,0.0,0.0
2024-08-21 00:00:00+08:00,1420.0,1427.97998046875,1415.68994140625,1417.5799560546875,1345.935791015625,1509165,0.0,0.0
2024-08-22 00:00:00+08:00,1416.0,1420.0,1400.010009765625,1410.050048828125,1338.78662109375,1952729,0.0,0.0
2024-08-23 00:00:00+08:00,1408.0,1423.5,1406.1199951171875,1414.989990234375,1343.476806640625,1532046,0.0,0.0
2024-08-26 00:00:00+08:00,1417.0,1423.8599853515625,1403.1500244140625,1412.0,1340.637939453125,1562841,0.0,0.0
2024-08-27 00:00:00+08:00,1412.0,1413.0,1401.1099853515625,1404.0699462890625,1333.1087646484375,1365740,0.0,0.0
2024-08-28 00:00:00+08:00,1404.0699462890625,1406.0,1375.0,1389.0,1318.80029296875,3166351,0.0,0.0
2024-08-29 00:00:00+08:00,1380.0,1418.0,1380.0,1413.300048828125,1341.872314453125,2747161,0.0,0.0
2024-08-30 00:00:00+08:00,1413.0,1458.0699462890625,1405.0,1443.18994140625,1370.2515869140625,3873923,0.0,0.0
2024-09-02 00:00:00+08:00,1430.0,1438.0,1395.0,1395.0,1324.4970703125,3413459,0.0,0.0
2024-09-03 00:00:00+08:00,1398.0,1414.97998046875,1393.02001953125,1410.0,1338.739013671875,1788760,0.0,0.0
2024-09-04 00:00:00+08:00,1402.0,1419.18994140625,1399.739990234375,1400.0,1329.2445068359375,1421109,0.0,0.0
2024-09-05 00:00:00+08:00,1400.5,1407.0,1397.0,1404.8800048828125,1333.8778076171875,1450295,0.0,0.0
2024-09-06 00:00:00+08:00,1405.0,1406.0,1398.0,1398.0,1327.345458984375,1032104,0.0,0.0
2024-09-09 00:00:00+08:00,1380.010009765625,1393.7099609375,1370.0799560546875,1375.0,1305.5078125,2863755,0.0,0.0
2024-09-10 00:00:00+08:00,1370.02001953125,1393.0,1370.02001953125,1378.0,1308.3563232421875,1980284,0.0,0.0
2024-09-11 00:00:00+08:00,1375.5999755859375,1385.8800048828125,1365.0,1380.0,1310.255126953125,2099577,0.0,0.0
2024-09-12 00:00:00+08:00,1380.0,1385.0,1334.9100341796875,1335.06005859375,1267.5865478515625,4794831,0.0,0.0
2024-09-13 00:00:00+08:00,1331.0,1332.0,1297.300048828125,1304.1300048828125,1238.2196044921875,5600511,0.0,0.0
2024-09-18 00:00:00+08:00,1300.0,1300.010009765625,1266.6600341796875,1266.9000244140625,1202.871337890625,4618531,0.0,0.0
2024-09-19 00:00:00+08:00,1262.0,1292.8800048828125,1245.8299560546875,1261.0,1197.26953125,5998821,0.0,0.0
2024-09-20 00:00:00+08:00,1261.5,1273.9000244140625,1250.030029296875,1263.9200439453125,1200.0418701171875,3998184,0.0,0.0
2024-09-23 00:00:00+08:00,1268.0,1293.5,1260.6600341796875,1261.5400390625,1197.7822265625,4554969,0.0,0.0
2024-09-24 00:00:00+08:00,1285.0899658203125,1373.0,1265.0899658203125,1372.5999755859375,1303.229248046875,10041281,0.0,0.0
2024-09-25 00:00:00+08:00,1400.050048828125,1427.0,1396.7099609375,1399.0,1328.2950439453125,7395380,0.0,0.0
2024-09-26 00:00:00+08:00,1399.9599609375,1529.8699951171875,1396.0,1529.0,1451.724853515625,9727806,0.0,0.0
2024-09-27 00:00:00+08:00,1600.0,1629.199951171875,1565.3599853515625,1629.199951171875,1546.8607177734375,8792167,0.0,0.0
2024-09-30 00:00:00+08:00,1692.0,1759.8800048828125,1652.0,1748.0,1659.656494140625,15729341,0.0,0.0
2024-10-08 00:00:00+08:00,1910.0,1910.0,1680.1800537109375,1723.0,1635.9200439453125,19470947,0.0,0.0
2024-10-09 00:00:00+08:00,1700.0,1700.0,1590.0,1595.1500244140625,1514.5316162109375,12019684,0.0,0.0
2024-10-10 00:00:00+08:00,1622.260009765625,1668.0799560546875,1591.0,1640.0,1557.1148681640625,7460342,0.0,0.0
2024-10-11 00:00:00+08:00,1615.4000244140625,1639.9599609375,1590.0,1604.989990234375,1523.8741455078125,4191471,0.0,0.0
2024-10-14 00:00:00+08:00,1613.0,1620.6300048828125,1581.1700439453125,1601.989990234375,1521.0260009765625,4481202,0.0,0.0
2024-10-15 00:00:00+08:00,1599.0,1600.989990234375,1553.010009765625,1554.25,1475.69873046875,4357143,0.0,0.0
2024-10-16 00:00:00+08:00,1540.8800048828125,1549.800048828125,1510.0,1522.5,1445.5533447265625,4666440,0.0,0.0
2024-10-17 00:00:00+08:00,1537.0,1537.6600341796875,1493.4100341796875,1494.5999755859375,1419.063232421875,3945955,0.0,0.0
2024-10-18 00:00:00+08:00,1493.0,1567.8399658203125,1478.9599609375,1541.0,1463.118408203125,6861930,0.0,0.0
2024-10-21 00:00:00+08:00,1541.2099609375,1549.969970703125,1521.2099609375,1528.800048828125,1451.534912109375,4200790,0.0,0.0
2024-10-22 00:00:00+08:00,1526.56005859375,1560.1800537109375,1524.199951171875,1543.0,1465.017333984375,3626913,0.0,0.0
2024-10-23 00:00:00+08:00,1544.1099853515625,1576.949951171875,1532.0,1567.5,1488.2789306640625,4008846,0.0,0.0
2024-10-24 00:00:00+08:00,1561.0,1575.0,1545.010009765625,1552.199951171875,1473.752197265625,2392280,0.0,0.0
2024-10-25 00:00:00+08:00,1547.0,1574.7900390625,1546.010009765625,1558.8499755859375,1480.066162109375,2774508,0.0,0.0
2024-10-28 00:00:00+08:00,1560.0,1565.0,1522.22998046875,1565.0,1485.9053955078125,3912140,0.0,0.0
2024-10-29 00:00:00+08:00,1560.0,1580.0,1530.0,1531.6199951171875,1454.21240234375,4116578,0.0,0.0
2024-10-30 00:00:00+08:00,1525.0,1551.18994140625,1523.4100341796875,1532.0,1454.5732421875,3200574,0.0,0.0
2024-10-31 00:00:00+08:00,1532.1500244140625,1540.0,1520.0,1527.7900390625,1450.575927734375,2995735,0.0,0.0
2024-11-01 00:00:00+08:00,1521.0,1545.1300048828125,1520.800048828125,1533.75,1456.23486328125,3228392,0.0,0.0
2024-11-04 00:00:00+08:00,1544.9300537109375,1550.0,1528.06005859375,1548.199951171875,1469.954345703125,2909292,0.0,0.0
2024-11-05 00:00:00+08:00,1540.0,1577.699951171875,1536.010009765625,1576.989990234375,1497.289306640625,4564047,0.0,0.0
2024-11-06 00:00:00+08:00,1575.0,1588.989990234375,1561.219970703125,1571.0,1491.6021728515625,3763143,0.0,0.0
2024-11-07 00:00:00+08:00,1562.4599609375,1653.5,1562.300048828125,1649.1400146484375,1565.7928466796875,7473872,0.0,0.0
2024-11-08 00:00:00+08:00,1660.8900146484375,1667.1099853515625,1601.010009765625,1609.969970703125,1528.6025390625,6077120,0.0,0.0
2024-11-11 00:00:00+08:00,1590.0,1609.949951171875,1567.18994140625,1598.010009765625,1517.2470703125,4385365,0.0,0.0
2024-11-12 00:00:00+08:00,1589.0,1623.0,1573.949951171875,1577.199951171875,1497.48876953125,4922266,0.0,0.0
2024-11-13 00:00:00+08:00,1568.0,1586.6600341796875,1561.280029296875,1578.5,1498.7230224609375,2912526,0.0,0.0
2024-11-14 00:00:00+08:00,1570.0,1594.449951171875,1565.6500244140625,1573.800048828125,1494.2607421875,2924814,0.0,0.0
2024-11-15 00:00:00+08:00,1569.0,1581.0,1553.0,1559.0,1480.2086181640625,3376112,0.0,0.0
2024-11-18 00:00:00+08:00,1562.0,1575.989990234375,1555.0,1559.0,1480.2086181640625,2709219,0.0,0.0
2024-11-19 00:00:00+08:00,1565.0,1569.3699951171875,1525.0,1541.9200439453125,1463.991943359375,3326643,0.0,0.0
2024-11-20 00:00:00+08:00,1543.0,1553.969970703125,1531.300048828125,1544.81005859375,1466.7357177734375,2134455,0.0,0.0
2024-11-21 00:00:00+08:00,1543.8699951171875,1548.989990234375,1532.0,1545.1300048828125,1467.0396728515625,1826179,0.0,0.0
2024-11-22 00:00:00+08:00,1541.1500244140625,1547.77001953125,1507.8199462890625,1507.8199462890625,1431.6151123046875,3343611,0.0,0.0
2024-11-25 00:00:00+08:00,1511.0,1532.0,1496.6700439453125,1498.5699462890625,1422.8326416015625,3318556,0.0,0.0
2024-11-26 00:00:00+08:00,1498.5699462890625,1518.8800048828125,1488.8800048828125,1509.0,1432.7354736328125,2574479,0.0,0.0
2024-11-27 00:00:00+08:00,1509.0,1522.1500244140625,1505.0,1519.050048828125,1442.2777099609375,2593417,0.0,0.0
2024-11-28 00:00:00+08:00,1522.0,1524.989990234375,1502.0,1518.0,1441.28076171875,2395203,0.0,0.0
2024-11-29 00:00:00+08:00,1517.0,1555.0,1513.2099609375,1525.739990234375,1448.629638671875,3608810,0.0,0.0
2024-12-02 00:00:00+08:00,1526.0,1529.989990234375,1515.0999755859375,1525.0,1447.927001953125,2681954,0.0,0.0
2024-12-03 00:00:00+08:00,1524.0,1528.9000244140625,1516.0799560546875,1526.739990234375,1449.5789794921875,2480662,0.0,0.0
2024-12-04 00:00:00+08:00,1520.0699462890625,1523.6600341796875,1510.0,1520.0,1443.1796875,2392389,0.0,0.0
2024-12-05 00:00:00+08:00,1510.8599853515625,1517.8599853515625,1510.0,1511.0,1434.634521484375,1614147,0.0,0.0
2024-12-06 00:00:00+08:00,1513.0,1538.9000244140625,1508.0699462890625,1521.010009765625,1444.138671875,3203969,0.0,0.0
2024-12-09 00:00:00+08:00,1522.02001953125,1529.719970703125,1513.199951171875,1518.800048828125,1442.0404052734375,1979986,0.0,0.0
2024-12-10 00:00:00+08:00,1570.0,1579.72998046875,1545.1800537109375,1546.5899658203125,1468.42578125,6031210,0.0,0.0
2024-12-11 00:00:00+08:00,1540.0,1555.0,1530.97998046875,1535.5999755859375,1457.9912109375,2967112,0.0,0.0
2024-12-12 00:00:00+08:00,1532.02001953125,1566.0,1529.0,1565.800048828125,1486.6649169921875,4193652,0.0,0.0
2024-12-13 00:00:00+08:00,1550.010009765625,1554.989990234375,1518.8800048828125,1519.0,1442.2301025390625,4951197,0.0,0.0
2024-12-16 00:00:00+08:00,1521.0,1529.0,1510.7099609375,1527.199951171875,1450.0157470703125,3253710,0.0,0.0
2024-12-17 00:00:00+08:00,1525.989990234375,1569.0,1521.010009765625,1558.0,1479.2591552734375,5417163,0.0,0.0
2024-12-18 00:00:00+08:00,1557.969970703125,1577.0,1547.0999755859375,1571.5,1492.0767822265625,4116226,0.0,0.0
2024-12-19 00:00:00+08:00,1565.1400146484375,1567.9300537109375,1550.3299560546875,1551.010009765625,1472.622314453125,2480932,0.0,0.0
2024-12-20 00:00:00+08:00,1531.1300048828125,1541.800048828125,1520.02001953125,1522.0,1467.677490234375,2815774,23.882,0.0
2024-12-23 00:00:00+08:00,1523.0,1538.0,1517.0,1526.449951171875,1471.9686279296875,2160269,0.0,0.0
2024-12-24 00:00:00+08:00,1525.0,1544.0,1521.5899658203125,1538.8199462890625,1483.8970947265625,2210492,0.0,0.0
2024-12-25 00:00:00+08:00,1538.800048828125,1538.800048828125,1526.0999755859375,1530.0,1475.3919677734375,1712339,0.0,0.0
2024-12-26 00:00:00+08:00,1534.0,1538.780029296875,1523.0,1527.7900390625,1473.2608642578125,1828651,0.0,0.0
2024-12-27 00:00:00+08:00,1528.9000244140625,1536.0,1519.5,1528.969970703125,1474.398681640625,2075932,0.0,0.0
2024-12-30 00:00:00+08:00,1533.969970703125,1543.9599609375,1525.0,1525.0,1470.5703125,2512982,0.0,0.0
2024-12-31 00:00:00+08:00,1525.4000244140625,1545.0,1522.010009765625,1524.0,1469.6060791015625,3935445,0.0,0.0
2025-01-02 00:00:00+08:00,1524.0,1524.489990234375,1480.0,1488.0,1434.8909912109375,5002870,0.0,0.0
2025-01-03 00:00:00+08:00,1494.5,1494.989990234375,1467.010009765625,1475.0,1422.35498046875,3262836,0.0,0.0
2025-01-06 00:00:00+08:00,1453.0,1462.6600341796875,1432.800048828125,1440.0,1388.6041259765625,4425512,0.0,0.0
2025-01-07 00:00:00+08:00,1444.6600341796875,1451.8900146484375,1439.0,1440.199951171875,1388.7969970703125,2422118,0.0,0.0
2025-01-08 00:00:00+08:00,1440.0,1451.8199462890625,1426.6600341796875,1442.5,1391.0150146484375,3525821,0.0,0.0
2025-01-09 00:00:00+08:00,1448.989990234375,1464.5799560546875,1432.97998046875,1444.0,1392.46142578125,2970565,0.0,0.0
2025-01-10 00:00:00+08:00,1447.0999755859375,1451.949951171875,1436.0,1436.0,1384.7469482421875,2187195,0.0,0.0
2025-01-13 00:00:00+08:00,1425.0,1444.43994140625,1422.010009765625,1443.97998046875,1392.442138671875,2108251,0.0,0.0
2025-01-14 00:00:00+08:00,1444.949951171875,1478.6800537109375,1442.0,1472.5,1419.9442138671875,3095657,0.0,0.0
2025-01-15 00:00:00+08:00,1467.0,1474.5999755859375,1460.010009765625,1471.27001953125,1418.758056640625,1839934,0.0,0.0
2025-01-16 00:00:00+08:00,1474.0,1482.6600341796875,1442.0,1446.3800048828125,1394.7564697265625,2634213,0.0,0.0
2025-01-17 00:00:00+08:00,1446.3900146484375,1461.0,1446.3800048828125,1454.75,1402.8277587890625,1830894,0.0,0.0
2025-01-20 00:00:00+08:00,1461.0,1489.7900390625,1460.0,1474.800048828125,1422.162109375,3140975,0.0,0.0
2025-01-21 00:00:00+08:00,1481.0,1482.0,1465.0,1468.1500244140625,1415.74951171875,1685604,0.0,0.0
2025-01-22 00:00:00+08:00,1463.27001953125,1467.949951171875,1438.0,1441.0,1389.5684814453125,2829384,0.0,0.0
2025-01-23 00:00:00+08:00,1449.969970703125,1468.0,1438.0,1443.0,1391.4970703125,2712504,0.0,0.0
2025-01-24 00:00:00+08:00,1442.0,1447.7900390625,1430.31005859375,1436.0,1384.7469482421875,3136034,0.0,0.0
2025-01-27 00:00:00+08:00,1437.0,1443.969970703125,1427.02001953125,1434.989990234375,1383.77294921875,2935646,0.0,0.0
2025-02-05 00:00:00+08:00,1440.0,1443.0,1402.2099609375,1403.800048828125,1353.6962890625,4075652,0.0,0.0
2025-02-06 00:00:00+08:00,1400.010009765625,1421.989990234375,1400.010009765625,1412.8399658203125,1362.41357421875,2735582,0.0,0.0
2025-02-07 00:00:00+08:00,1413.6800537109375,1442.6800537109375,1403.4100341796875,1436.0,1384.7469482421875,3724207,0.0,0.0
2025-02-10 00:00:00+08:00,1438.0,1440.0,1427.0899658203125,1431.510009765625,1380.417236328125,2083979,0.0,0.0
2025-02-11 00:00:00+08:00,1434.949951171875,1435.9599609375,1415.9000244140625,1418.0,1367.389404296875,2357283,0.0,0.0
2025-02-12 00:00:00+08:00,1418.0,1445.0,1416.8800048828125,1443.0,1391.4970703125,2547579,0.0,0.0
2025-02-13 00:00:00+08:00,1443.02001953125,1475.25,1434.510009765625,1465.06005859375,1412.769775390625,4338536,0.0,0.0
2025-02-14 00:00:00+08:00,1465.06005859375,1477.0,1458.219970703125,1475.0,1422.35498046875,2709992,0.0,0.0
2025-02-17 00:00:00+08:00,1481.0,1494.97998046875,1467.0999755859375,1471.6199951171875,1419.0955810546875,3247059,0.0,0.0
2025-02-18 00:00:00+08:00,1470.0,1492.989990234375,1462.0799560546875,1475.0,1422.35498046875,2779992,0.0,0.0
2025-02-19 00:00:00+08:00,1475.050048828125,1494.43994140625,1464.9000244140625,1491.0,1437.7838134765625,3239331,0.0,0.0
2025-02-20 00:00:00+08:00,1483.0,1491.969970703125,1473.3900146484375,1474.0,1421.390625,2374973,0.0,0.0
2025-02-21 00:00:00+08:00,1480.0,1496.72998046875,1473.010009765625,1488.2099609375,1435.093505859375,3641783,0.0,0.0
2025-02-24 00:00:00+08:00,1488.0,1499.52001953125,1474.0,1479.0699462890625,1426.2796630859375,3474373,0.0,0.0
2025-02-25 00:00:00+08:00,1470.010009765625,1473.3900146484375,1452.0,1454.0,1402.1044921875,2838743,0.0,0.0
2025-02-26 00:00:00+08:00,1455.449951171875,1464.9599609375,1445.0,1460.010009765625,1407.9000244140625,2636609,0.0,0.0
2025-02-27 00:00:00+08:00,1460.02001953125,1489.9000244140625,1454.0,1485.56005859375,1432.5380859375,4976217,0.0,0.0
2025-02-28 00:00:00+08:00,1485.5,1528.3800048828125,1482.0,1500.7900390625,1447.224609375,5612895,0.0,0.0
2025-03-03 00:00:00+08:00,1502.5999755859375,1520.989990234375,1481.5,1487.02001953125,1433.946044921875,3159566,0.0,0.0
2025-03-04 00:00:00+08:00,1485.0,1486.0,1465.2099609375,1470.1099853515625,1417.6395263671875,2521121,0.0,0.0
2025-03-05 00:00:00+08:00,1472.0,1474.0,1460.0999755859375,1466.3699951171875,1414.032958984375,2460522,0.0,0.0
2025-03-06 00:00:00+08:00,1474.0,1510.199951171875,1472.0799560546875,1505.97998046875,1452.2291259765625,4216764,0.0,0.0
2025-03-07 00:00:00+08:00,1503.0,1528.3599853515625,1503.0,1521.0,1466.713134765625,3799135,0.0,0.0
2025-03-10 00:00:00+08:00,1519.81005859375,1526.8800048828125,1506.1400146484375,1522.9000244140625,1468.54541015625,3136907,0.0,0.0
2025-03-11 00:00:00+08:00,1517.0,1548.6800537109375,1512.0,1548.6800537109375,1493.4052734375,3977560,0.0,0.0
2025-03-12 00:00:00+08:00,1546.9599609375,1549.6800537109375,1526.3499755859375,1542.5799560546875,1487.52294921875,2960396,0.0,0.0
2025-03-13 00:00:00+08:00,1544.0,1555.5,1530.8800048828125,1537.77001953125,1482.8846435546875,2572439,0.0,0.0
2025-03-14 00:00:00+08:00,1547.6600341796875,1628.010009765625,1541.0,1628.010009765625,1569.90380859375,9291315,0.0,0.0
2025-03-17 00:00:00+08:00,1657.0,1657.989990234375,1626.8800048828125,1637.8599853515625,1579.4022216796875,5468913,0.0,0.0
2025-03-18 00:00:00+08:00,1645.0400390625,1652.0,1621.699951171875,1624.0,1566.036865234375,3161345,0.0,0.0
2025-03-19 00:00:00+08:00,1624.2900390625,1648.0,1623.0,1635.7099609375,1577.328857421875,2738955,0.0,0.0
2025-03-20 00:00:00+08:00,1635.7099609375,1637.5999755859375,1595.0699462890625,1604.0,1546.750732421875,3673677,0.0,0.0
2025-03-21 00:00:00+08:00,1599.0,1612.199951171875,1568.8299560546875,1573.75,1517.5804443359375,3361430,0.0,0.0
2025-03-24 00:00:00+08:00,1570.0,1589.6600341796875,1562.3800048828125,1583.0,1526.500244140625,2556585,0.0,0.0
2025-03-25 00:00:00+08:00,1588.0,1592.800048828125,1566.6600341796875,1575.5,1519.2679443359375,1767438,0.0,0.0
2025-03-26 00:00:00+08:00,1572.77001953125,1582.5799560546875,1571.0,1576.0,1519.7501220703125,1432356,0.0,0.0
2025-03-27 00:00:00+08:00,1576.0,1598.25,1573.3800048828125,1589.0,1532.2861328125,1795563,0.0,0.0
2025-03-28 00:00:00+08:00,1590.9300537109375,1593.0,1576.0,1585.2099609375,1528.63134765625,1622789,0.0,0.0
2025-03-31 00:00:00+08:00,1580.97998046875,1586.9599609375,1560.06005859375,1561.0,1505.2855224609375,2108494,0.0,0.0
2025-04-01 00:00:00+08:00,1564.0,1569.8900146484375,1552.2099609375,1556.02001953125,1500.4832763671875,1855644,0.0,0.0
2025-04-02 00:00:00+08:00,1558.0,1567.800048828125,1545.5,1549.02001953125,1493.7330322265625,2167401,0.0,0.0
2025-04-03 00:00:00+08:00,1530.0,1586.0,1529.010009765625,1568.8800048828125,1512.88427734375,3548050,0.0,0.0
2025-04-07 00:00:00+08:00,1520.010009765625,1536.8499755859375,1462.0,1500.0,1446.4627685546875,10195267,0.0,0.0
2025-04-08 00:00:00+08:00,1513.0,1545.0,1495.0,1545.0,1489.8565673828125,7387649,0.0,0.0
2025-04-09 00:00:00+08:00,1525.02001953125,1556.800048828125,1520.550048828125,1541.0400390625,1486.0379638671875,5563004,0.0,0.0
2025-04-10 00:00:00+08:00,1550.989990234375,1555.0,1528.0,1549.0,1493.7137451171875,3862021,0.0,0.0
2025-04-11 00:00:00+08:00,1579.969970703125,1579.969970703125,1545.0,1568.97998046875,1512.980712890625,3263423,0.0,0.0
2025-04-14 00:00:00+08:00,1560.969970703125,1566.0,1551.530029296875,1551.989990234375,1496.5970458984375,2171144,0.0,0.0
2025-04-15 00:00:00+08:00,1552.0,1565.0,1545.0,1558.0,1502.392578125,2148928,0.0,0.0
2025-04-16 00:00:00+08:00,1552.0,1576.0,1537.0,1559.1700439453125,1503.5208740234375,3115605,0.0,0.0
2025-04-17 00:00:00+08:00,1554.0,1576.5,1549.989990234375,1570.0,1513.96435546875,2384605,0.0,0.0
2025-04-18 00:00:00+08:00,1566.0,1575.0,1556.0,1565.93994140625,1510.0491943359375,2029848,0.0,0.0
2025-04-21 00:00:00+08:00,1565.5,1565.5,1551.0,1551.0,1495.6424560546875,1805703,0.0,0.0
2025-04-22 00:00:00+08:00,1550.0,1556.300048828125,1543.2099609375,1548.800048828125,1493.52099609375,1843214,0.0,0.0
2025-04-23 00:00:00+08:00,1559.0,1559.219970703125,1545.0,1552.0,1496.6068115234375,1866876,0.0,0.0
2025-04-24 00:00:00+08:00,1552.0,1560.6800537109375,1548.97998046875,1552.25,1496.8477783203125,1487181,0.0,0.0
2025-04-25 00:00:00+08:00,1557.0999755859375,1561.199951171875,1550.0,1550.0,1494.6781005859375,1476490,0.0,0.0
2025-04-28 00:00:00+08:00,1552.0,1555.0,1546.5999755859375,1550.0,1494.6781005859375,1465972,0.0,0.0
2025-04-29 00:00:00+08:00,1550.0,1552.5400390625,1532.02001953125,1544.0,1488.892333984375,1892180,0.0,0.0
2025-04-30 00:00:00+08:00,1549.989990234375,1566.6600341796875,1546.300048828125,1547.0,1491.78515625,2575425,0.0,0.0
2025-05-06 00:00:00+08:00,1559.0,1559.0,1544.3299560546875,1550.199951171875,1494.8709716796875,1830026,0.0,0.0
2025-05-07 00:00:00+08:00,1570.0,1570.0,1550.199951171875,1555.0,1499.4996337890625,2746221,0.0,0.0
2025-05-08 00:00:00+08:00,1553.0,1592.780029296875,1549.8299560546875,1578.18994140625,1521.8619384765625,3348106,0.0,0.0
2025-05-09 00:00:00+08:00,1578.989990234375,1597.449951171875,1575.050048828125,1591.1800537109375,1534.388427734375,2367190,0.0,0.0
2025-05-12 00:00:00+08:00,1598.0,1618.9300537109375,1596.6099853515625,1604.5,1547.23291015625,2473533,0.0,0.0
2025-05-13 00:00:00+08:00,1608.9200439453125,1608.9200439453125,1585.1099853515625,1590.300048828125,1533.539794921875,2125829,0.0,0.0
2025-05-14 00:00:00+08:00,1590.0,1645.0,1588.1800537109375,1634.989990234375,1576.6346435546875,3946012,0.0,0.0
2025-05-15 00:00:00+08:00,1634.800048828125,1643.5899658203125,1624.1300048828125,1632.010009765625,1573.760986328125,2473285,0.0,0.0
2025-05-16 00:00:00+08:00,1633.989990234375,1636.989990234375,1614.1300048828125,1614.1300048828125,1556.5191650390625,2293522,0.0,0.0
2025-05-19 00:00:00+08:00,1596.0,1600.0,1573.8800048828125,1578.97998046875,1522.623779296875,3806283,0.0,0.0
2025-05-20 00:00:00+08:00,1580.0,1594.800048828125,1575.0999755859375,1586.0,1529.393310546875,1952153,0.0,0.0
2025-05-21 00:00:00+08:00,1585.0,1595.93994140625,1580.969970703125,1580.969970703125,1524.542724609375,1979464,0.0,0.0
2025-05-22 00:00:00+08:00,1580.989990234375,1584.989990234375,1570.0999755859375,1580.0,1523.607421875,1509024,0.0,0.0
2025-05-23 00:00:00+08:00,1574.969970703125,1587.9000244140625,1571.6600341796875,1572.5999755859375,1516.471435546875,2153700,0.0,0.0
2025-05-26 00:00:00+08:00,1570.0,1574.6300048828125,1545.0,1550.5,1495.16015625,2708653,0.0,0.0
2025-05-27 00:00:00+08:00,1551.0,1558.5999755859375,1543.510009765625,1543.9000244140625,1488.7957763671875,1775213,0.0,0.0
2025-05-28 00:00:00+08:00,1543.989990234375,1546.4599609375,1533.0,1537.0,1482.14208984375,1626568,0.0,0.0
2025-05-29 00:00:00+08:00,1540.0,1555.0,1532.0,1540.0,1485.0350341796875,2185958,0.0,0.0
2025-05-30 00:00:00+08:00,1540.1500244140625,1545.0,1515.239990234375,1522.0,1467.677490234375,3123918,0.0,0.0
2025-06-03 00:00:00+08:00,1508.010009765625,1519.0,1505.02001953125,1509.0,1455.1414794921875,2897918,0.0,0.0
2025-06-04 00:00:00+08:00,1510.5,1523.0,1509.219970703125,1509.9599609375,1456.067138671875,2300809,0.0,0.0
2025-06-05 00:00:00+08:00,1514.0,1516.0,1502.199951171875,1514.0,1459.9630126953125,2321366,0.0,0.0
2025-06-06 00:00:00+08:00,1513.800048828125,1518.969970703125,1503.0,1506.3900146484375,1452.6246337890625,2502307,0.0,0.0
2025-06-09 00:00:00+08:00,1505.02001953125,1508.699951171875,1485.6800537109375,1486.1099853515625,1433.0684814453125,4495867,0.0,0.0
2025-06-10 00:00:00+08:00,1486.0,1492.0,1474.800048828125,1475.010009765625,1422.3646240234375,3049220,0.0,0.0
2025-06-11 00:00:00+08:00,1476.800048828125,1494.0,1476.0999755859375,1480.0,1427.176513671875,3089282,0.0,0.0
2025-06-12 00:00:00+08:00,1480.0,1483.8699951171875,1454.0999755859375,1459.0,1406.926025390625,4990361,0.0,0.0
2025-06-13 00:00:00+08:00,1444.4100341796875,1449.969970703125,1425.06005859375,1426.949951171875,1376.0198974609375,5911325,0.0,0.0
2025-06-16 00:00:00+08:00,1401.199951171875,1425.0400390625,1401.1800537109375,1422.2900390625,1371.5263671875,4288787,0.0,0.0
2025-06-17 00:00:00+08:00,1420.0,1427.0,1412.1800537109375,1427.0,1376.068115234375,2723151,0.0,0.0
2025-06-18 00:00:00+08:00,1440.0,1443.43994140625,1421.010009765625,1425.0,1374.1395263671875,3076099,0.0,0.0
2025-06-19 00:00:00+08:00,1426.0,1433.6700439453125,1417.1800537109375,1426.0,1375.1038818359375,2450072,0.0,0.0
2025-06-20 00:00:00+08:00,1423.5799560546875,1441.1400146484375,1420.199951171875,1428.6600341796875,1377.6689453125,3481581,0.0,0.0
2025-06-23 00:00:00+08:00,1420.0,1433.0,1405.1800537109375,1420.0,1369.3179931640625,2672331,0.0,0.0
2025-06-24 00:00:00+08:00,1423.3499755859375,1451.6800537109375,1423.3499755859375,1437.199951171875,1385.9041748046875,3631151,0.0,0.0
2025-06-25 00:00:00+08:00,1439.1099853515625,1449.199951171875,1420.510009765625,1435.8599853515625,1384.6119384765625,4105007,0.0,0.0
2025-06-26 00:00:00+08:00,1415.0,1428.0,1410.0799560546875,1420.0,1396.2271728515625,3486025,27.673,0.0
2025-06-27 00:00:00+08:00,1420.010009765625,1423.0,1403.0899658203125,1403.0899658203125,1379.6002197265625,3824973,0.0,0.0
2025-06-30 00:00:00+08:00,1403.5,1413.22998046875,1402.0,1409.52001953125,1385.922607421875,3045730,0.0,0.0
2025-07-01 00:00:00+08:00,1409.0,1411.93994140625,1403.31005859375,1405.0999755859375,1381.5765380859375,1987819,0.0,0.0
2025-07-02 00:00:00+08:00,1409.5,1414.800048828125,1400.0,1409.5999755859375,1386.001220703125,2621825,0.0,0.0
2025-07-03 00:00:00+08:00,1412.0,1422.68994140625,1408.0,1415.5999755859375,1391.9007568359375,2441267,0.0,0.0
2025-07-04 00:00:00+08:00,1415.699951171875,1431.8900146484375,1410.010009765625,1422.219970703125,1398.409912109375,2876691,0.0,0.0
2025-07-07 00:00:00+08:00,1422.280029296875,1423.5,1410.010009765625,1410.699951171875,1387.082763671875,2385467,0.0,0.0
2025-07-08 00:00:00+08:00,1410.7099609375,1420.0,1410.699951171875,1416.1099853515625,1392.4022216796875,1867370,0.0,0.0
2025-07-09 00:00:00+08:00,1415.0,1429.969970703125,1414.1700439453125,1418.8800048828125,1395.1258544921875,2774532,0.0,0.0
2025-07-10 00:00:00+08:00,1418.969970703125,1436.1800537109375,1410.4000244140625,1426.5,1402.6182861328125,3872503,0.0,0.0
2025-07-11 00:00:00+08:00,1423.1600341796875,1458.0,1423.1600341796875,1427.0,1403.1099853515625,5724335,0.0,0.0
2025-07-14 00:00:00+08:00,1430.0,1434.97998046875,1421.5999755859375,1423.5999755859375,1399.766845703125,2778094,0.0,0.0
2025-07-15 00:00:00+08:00,1420.97998046875,1422.9300537109375,1408.3199462890625,1411.0,1387.3778076171875,3540578,0.0,0.0
2025-07-16 00:00:00+08:00,1410.010009765625,1417.489990234375,1409.949951171875,1411.030029296875,1387.4073486328125,2128605,0.0,0.0
2025-07-17 00:00:00+08:00,1413.97998046875,1423.010009765625,1412.8800048828125,1416.3499755859375,1392.63818359375,2310554,0.0,0.0
2025-07-18 00:00:00+08:00,1420.0,1437.81005859375,1416.3800048828125,1437.0,1412.9425048828125,4182341,0.0,0.0
2025-07-21 00:00:00+08:00,1436.989990234375,1446.800048828125,1435.0,1443.0,1418.842041015625,2620331,0.0,0.0
2025-07-22 00:00:00+08:00,1444.0,1466.5999755859375,1440.6800537109375,1464.97998046875,1440.4541015625,4211898,0.0,0.0
2025-07-23 00:00:00+08:00,1469.0,1495.0,1468.949951171875,1475.5,1450.7979736328125,4504484,0.0,0.0
2025-07-24 00:00:00+08:00,1476.0,1499.0,1475.0,1491.5,1466.5301513671875,3880364,0.0,0.0
2025-07-25 00:00:00+08:00,1491.4000244140625,1491.4000244140625,1453.0,1455.0,1430.6412353515625,4191126,0.0,0.0
2025-07-28 00:00:00+08:00,1453.0,1454.989990234375,1436.300048828125,1438.6600341796875,1414.5748291015625,3858632,0.0,0.0
2025-07-29 00:00:00+08:00,1439.5999755859375,1448.7900390625,1435.010009765625,1439.0,1414.9090576171875,2630408,0.0,0.0
2025-07-30 00:00:00+08:00,1444.0,1457.1600341796875,1437.0,1449.43994140625,1425.1741943359375,3186771,0.0,0.0
2025-07-31 00:00:00+08:00,1443.0,1444.8699951171875,1418.0,1421.6700439453125,1397.8692626953125,5179751,0.0,0.0
2025-08-01 00:00:00+08:00,1421.8699951171875,1425.9599609375,1414.0,1417.0,1393.27734375,2963559,0.0,0.0
2025-08-04 00:00:00+08:00,1415.0,1419.800048828125,1414.0,1419.0,1395.243896484375,1868795,0.0,0.0
2025-08-05 00:00:00+08:00,1421.0,1429.93994140625,1417.1099853515625,1427.739990234375,1403.8375244140625,2534227,0.0,0.0
2025-08-06 00:00:00+08:00,1429.0,1429.0,1419.300048828125,1423.8800048828125,1400.042236328125,2369928,0.0,0.0
2025-08-07 00:00:00+08:00,1423.8800048828125,1427.699951171875,1420.06005859375,1422.3499755859375,1398.5377197265625,2800134,0.0,0.0
2025-08-08 00:00:00+08:00,1423.050048828125,1426.5,1418.0,1420.969970703125,1397.180908203125,1865528,0.0,0.0
2025-08-11 00:00:00+08:00,1423.5,1451.989990234375,1423.0,1445.0,1420.80859375,4715907,0.0,0.0
2025-08-12 00:00:00+08:00,1449.0,1465.0699462890625,1436.0,1437.0400390625,1412.98193359375,4201923,0.0,0.0
2025-08-13 00:00:00+08:00,1425.0,1433.6800537109375,1420.0,1420.050048828125,1396.2763671875,6552754,0.0,0.0
2025-08-14 00:00:00+08:00,1420.93994140625,1447.510009765625,1420.93994140625,1426.989990234375,1403.10009765625,4812930,0.0,0.0
2025-08-15 00:00:00+08:00,1426.010009765625,1428.6600341796875,1420.219970703125,1422.0799560546875,1398.272216796875,4758165,0.0,0.0
2025-08-18 00:00:00+08:00,1426.989990234375,1436.6400146484375,1423.0999755859375,1428.5,1404.5848388671875,4737798,0.0,0.0
2025-08-19 00:00:00+08:00,1433.5,1446.6600341796875,1432.0,1438.0,1413.92578125,4637186,0.0,0.0
2025-08-20 00:00:00+08:00,1438.0,1452.800048828125,1430.02001953125,1450.0,1425.724853515625,4580466,0.0,0.0
2025-08-21 00:00:00+08:00,1453.449951171875,1454.989990234375,1443.6500244140625,1448.25,1424.004150390625,3089057,0.0,0.0
2025-08-22 00:00:00+08:00,1448.8800048828125,1464.0,1444.77001953125,1463.949951171875,1439.4412841796875,4497058,0.0,0.0
2025-08-25 00:00:00+08:00,1470.010009765625,1496.0,1466.0,1490.3299560546875,1465.379638671875,6532455,0.0,0.0
2025-08-26 00:00:00+08:00,1490.3199462890625,1494.22998046875,1480.010009765625,1481.6099853515625,1456.8056640625,3960213,0.0,0.0
2025-08-27 00:00:00+08:00,1481.8800048828125,1484.9300537109375,1448.0,1448.0,1423.7584228515625,5600609,0.0,0.0
2025-08-28 00:00:00+08:00,1447.969970703125,1456.0999755859375,1438.77001953125,1446.0999755859375,1421.89013671875,3928177,0.0,0.0
2025-08-29 00:00:00+08:00,1453.0,1482.5799560546875,1452.0,1480.0,1455.22265625,6225648,0.0,0.0
2025-09-01 00:00:00+08:00,1482.199951171875,1488.0,1465.699951171875,1476.0999755859375,1451.387939453125,4512338,0.0,0.0
2025-09-02 00:00:00+08:00,1478.6600341796875,1509.0,1478.0,1491.300048828125,1466.33349609375,5668837,0.0,0.0
2025-09-03 00:00:00+08:00,1491.0,1503.5,1466.0,1480.550048828125,1455.763427734375,4504503,0.0,0.0
2025-09-04 00:00:00+08:00,1472.0,1479.300048828125,1460.469970703125,1472.6600341796875,1448.005615234375,4774676,0.0,0.0
2025-09-05 00:00:00+08:00,1471.0,1486.969970703125,1464.0,1483.0,1458.17236328125,3738848,0.0,0.0
2025-09-08 00:00:00+08:00,1483.0,1506.43994140625,1477.5,1501.22998046875,1476.09716796875,5138298,0.0,0.0
2025-09-09 00:00:00+08:00,1505.0,1509.949951171875,1493.4200439453125,1505.0,1479.8040771484375,3574277,0.0,0.0
2025-09-10 00:00:00+08:00,1506.6600341796875,1529.949951171875,1496.0,1522.010009765625,1496.529296875,4966331,0.0,0.0
2025-09-11 00:00:00+08:00,1522.010009765625,1526.02001953125,1508.5,1523.5,1497.994384765625,3723896,0.0,0.0
2025-09-12 00:00:00+08:00,1526.0,1538.02001953125,1510.530029296875,1516.0,1490.6199951171875,3372209,0.0,0.0
2025-09-15 00:00:00+08:00,1515.8699951171875,1517.47998046875,1501.5,1515.0999755859375,1489.7349853515625,2582703,0.0,0.0
2025-09-16 00:00:00+08:00,1515.0999755859375,1520.989990234375,1496.2099609375,1499.97998046875,1474.8681640625,3271789,0.0,0.0
2025-09-17 00:00:00+08:00,1499.989990234375,1510.280029296875,1490.010009765625,1493.0,1468.0050048828125,3033054,0.0,0.0
2025-09-18 00:00:00+08:00,1492.0,1497.800048828125,1463.5,1467.9599609375,1443.3841552734375,4972125,0.0,0.0
2025-09-19 00:00:00+08:00,1467.989990234375,1475.5,1457.010009765625,1467.969970703125,1443.39404296875,3263662,0.0,0.0
2025-09-22 00:00:00+08:00,1465.0899658203125,1467.969970703125,1450.010009765625,1453.3499755859375,1429.018798828125,3494708,0.0,0.0
2025-09-23 00:00:00+08:00,1450.5,1457.5,1440.0,1447.4200439453125,1423.1881103515625,3866300,0.0,0.0
2025-09-24 00:00:00+08:00,1434.0699462890625,1456.780029296875,1434.0699462890625,1442.0,1417.8587646484375,3074350,0.0,0.0
2025-09-25 00:00:00+08:00,1442.8299560546875,1445.2099609375,1436.0,1439.0,1414.9090576171875,3386973,0.0,0.0
2025-09-26 00:00:00+08:00,1441.1800537109375,1447.1099853515625,1428.010009765625,1435.0,1410.9759521484375,4512071,0.0,0.0
2025-09-29 00:00:00+08:00,1439.3800048828125,1469.989990234375,1435.0,1460.8599853515625,1436.403076171875,5368403,0.0,0.0
2025-09-30 00:00:00+08:00,1460.0,1460.760009765625,1440.0,1443.989990234375,1419.8155517578125,3936362,0.0,0.0
2025-10-09 00:00:00+08:00,1436.0,1439.3800048828125,1420.0,1436.780029296875,1412.7261962890625,5491812,0.0,0.0
2025-10-10 00:00:00+08:00,1437.5999755859375,1439.93994140625,1427.5,1430.0,1406.0596923828125,3600144,0.0,0.0
2025-10-13 00:00:00+08:00,1415.699951171875,1422.8499755859375,1415.1199951171875,1419.199951171875,1395.4404296875,4606880,0.0,0.0
2025-10-14 00:00:00+08:00,1429.989990234375,1464.0,1429.989990234375,1451.02001953125,1426.727783203125,6667233,0.0,0.0
2025-10-15 00:00:00+08:00,1450.97998046875,1463.0,1445.0799560546875,1462.0,1437.5240478515625,4278540,0.0,0.0
2025-10-16 00:00:00+08:00,1461.9200439453125,1484.949951171875,1458.8800048828125,1484.9100341796875,1460.050537109375,4573015,0.0,0.0
2025-10-17 00:00:00+08:00,1483.0999755859375,1488.0,1454.030029296875,1455.0,1430.6412353515625,3808589,0.0,0.0
2025-10-20 00:00:00+08:00,1455.0,1469.5,1454.8800048828125,1457.9300537109375,1433.522216796875,2594988,0.0,0.0
2025-10-21 00:00:00+08:00,1459.0,1469.93994140625,1455.5,1462.260009765625,1437.7796630859375,2544267,0.0,0.0
2025-10-22 00:00:00+08:00,1462.0799560546875,1465.72998046875,1456.0,1458.699951171875,1434.2791748046875,1819492,0.0,0.0
2025-10-23 00:00:00+08:00,1455.0,1468.800048828125,1447.199951171875,1467.97998046875,1443.40380859375,2932235,0.0,0.0
2025-10-24 00:00:00+08:00,1467.949951171875,1478.8800048828125,1449.3399658203125,1450.0,1425.724853515625,3822583,0.0,0.0
2025-10-27 00:00:00+08:00,1440.0,1452.489990234375,1435.989990234375,1440.4100341796875,1416.2955322265625,3710239,0.0,0.0
2025-10-28 00:00:00+08:00,1442.0,1451.199951171875,1441.0999755859375,1445.0,1420.80859375,2712433,0.0,0.0
2025-10-29 00:00:00+08:00,1440.02001953125,1446.550048828125,1430.0400390625,1431.9000244140625,1407.927978515625,3393711,0.0,0.0
2025-10-30 00:00:00+08:00,1421.81005859375,1436.6300048828125,1421.81005859375,1426.739990234375,1402.854248046875,4745610,0.0,0.0
2025-10-31 00:00:00+08:00,1422.0,1435.97998046875,1420.1099853515625,1430.010009765625,1406.069580078125,3569377,0.0,0.0
2025-11-03 00:00:00+08:00,1431.0,1448.0,1420.0999755859375,1435.0,1410.9759521484375,3454766,0.0,0.0
2025-11-04 00:00:00+08:00,1435.0999755859375,1435.780029296875,1423.780029296875,1429.0,1405.076416015625,2656572,0.0,0.0
2025-11-05 00:00:00+08:00,1425.8900146484375,1430.989990234375,1420.010009765625,1420.0799560546875,1396.3057861328125,3447527,0.0,0.0
2025-11-06 00:00:00+08:00,1430.0,1441.449951171875,1429.989990234375,1435.1300048828125,1411.1038818359375,3834782,0.0,0.0
2025-11-07 00:00:00+08:00,1435.1099853515625,1439.780029296875,1431.1099853515625,1433.3299560546875,1409.333984375,1886139,0.0,0.0
2025-11-10 00:00:00+08:00,1435.0,1463.68994140625,1434.97998046875,1462.300048828125,1437.8189697265625,4945154,0.0,0.0
2025-11-11 00:00:00+08:00,1462.0,1462.1800537109375,1447.0,1458.989990234375,1434.5643310546875,2669156,0.0,0.0
2025-11-12 00:00:00+08:00,1459.97998046875,1478.3599853515625,1459.2099609375,1465.1500244140625,1440.621337890625,3299210,0.0,0.0
2025-11-13 00:00:00+08:00,1462.1199951171875,1473.5799560546875,1458.0,1470.3800048828125,1445.763671875,3117923,0.0,0.0
2025-11-14 00:00:00+08:00,1470.0,1478.949951171875,1456.300048828125,1456.5999755859375,1432.21435546875,2747306,0.0,0.0
2025-11-17 00:00:00+08:00,1454.0,1473.0,1445.7900390625,1471.0,1446.373291015625,3446221,0.0,0.0
2025-11-18 00:00:00+08:00,1470.699951171875,1486.0699462890625,1469.0,1476.0,1451.2896728515625,3420478,0.0,0.0
2025-11-19 00:00:00+08:00,1474.0,1479.530029296875,1469.9599609375,1471.010009765625,1446.3831787109375,2204537,0.0,0.0
2025-11-20 00:00:00+08:00,1472.0,1479.9000244140625,1465.030029296875,1467.1099853515625,1442.5484619140625,2400232,0.0,0.0
2025-11-21 00:00:00+08:00,1470.5,1480.0,1456.0,1466.5999755859375,1442.0469970703125,4260720,0.0,0.0
2025-11-24 00:00:00+08:00,1467.0,1471.0,1451.1300048828125,1452.0,1427.69140625,3360744,0.0,0.0
2025-11-25 00:00:00+08:00,1458.0,1458.0,1444.5,1444.6500244140625,1420.4644775390625,2844069,0.0,0.0
2025-11-26 00:00:00+08:00,1448.8800048828125,1453.489990234375,1443.5799560546875,1449.1500244140625,1424.88916015625,2030616,0.0,0.0
2025-11-27 00:00:00+08:00,1449.5,1450.0,1439.0400390625,1447.300048828125,1423.0701904296875,2228689,0.0,0.0
2025-11-28 00:00:00+08:00,1446.5,1455.5,1443.0,1450.5,1426.216552734375,2321121,0.0,0.0
2025-12-01 00:00:00+08:00,1451.0,1462.27001953125,1442.0,1448.0,1423.7584228515625,2733342,0.0,0.0
2025-12-02 00:00:00+08:00,1448.0,1451.9200439453125,1435.02001953125,1436.030029296875,1411.98876953125,2504726,0.0,0.0
2025-12-03 00:00:00+08:00,1435.81005859375,1435.969970703125,1428.0,1429.0999755859375,1405.1748046875,2357279,0.0,0.0
2025-12-04 00:00:00+08:00,1429.0999755859375,1432.5,1418.3800048828125,1423.97998046875,1400.1405029296875,2907539,0.0,0.0
2025-12-05 00:00:00+08:00,1423.97998046875,1433.0899658203125,1419.5,1430.010009765625,1406.069580078125,2540166,0.0,0.0
2025-12-08 00:00:00+08:00,1429.199951171875,1436.6700439453125,1418.0,1418.219970703125,1394.4769287109375,3360280,0.0,0.0
2025-12-09 00:00:00+08:00,1418.22998046875,1421.0,1400.050048828125,1401.010009765625,1377.5550537109375,4263443,0.0,0.0
2025-12-10 00:00:00+08:00,1400.0,1402.800048828125,1383.1800537109375,1402.800048828125,1379.315185546875,3313347,0.0,0.0
2025-12-11 00:00:00+08:00,1406.6600341796875,1411.989990234375,1401.550048828125,1411.989990234375,1388.3511962890625,2238501,0.0,0.0
2025-12-12 00:00:00+08:00,1418.0,1425.0,1413.5699462890625,1420.6500244140625,1396.8663330078125,3715919,0.0,0.0
2025-12-15 00:00:00+08:00,1439.5899658203125,1439.989990234375,1425.5699462890625,1426.0,1402.126708984375,3335879,0.0,0.0
2025-12-16 00:00:00+08:00,1426.199951171875,1428.780029296875,1415.0,1422.0,1398.193603515625,2396367,0.0,0.0
2025-12-17 00:00:00+08:00,1425.0,1439.93994140625,1417.6800537109375,1433.0999755859375,1409.1077880859375,3138249,0.0,0.0
2025-12-18 00:00:00+08:00,1433.5,1438.8800048828125,1426.1099853515625,1431.0,1407.04296875,1782995,0.0,0.0
2025-12-19 00:00:00+08:00,1410.0,1412.449951171875,1401.010009765625,1410.0,1410.0,2650868,23.957,0.0
2025-12-22 00:00:00+08:00,1410.0,1414.1400146484375,1406.5799560546875,1408.260009765625,1408.260009765625,2042565,0.0,0.0
2025-12-23 00:00:00+08:00,1408.260009765625,1412.9300537109375,1397.18994140625,1407.8599853515625,1407.8599853515625,2450681,0.0,0.0
2025-12-24 00:00:00+08:00,1404.989990234375,1406.3599853515625,1400.0,1400.9000244140625,1400.9000244140625,2518669,0.0,0.0
2025-12-25 00:00:00+08:00,1405.0,1419.47998046875,1401.3800048828125,1414.1700439453125,1414.1700439453125,2338621,0.0,0.0
2025-12-26 00:00:00+08:00,1414.1700439453125,1419.1400146484375,1410.0,1414.1300048828125,1414.1300048828125,1780299,0.0,0.0
2025-12-29 00:00:00+08:00,1414.1300048828125,1414.1300048828125,1401.0,1402.0,1402.0,2630810,0.0,0.0
2025-12-30 00:00:00+08:00,1401.0,1401.9000244140625,1386.0,1389.719970703125,1389.719970703125,3379194,0.0,0.0
2025-12-31 00:00:00+08:00,1390.0,1394.0,1377.1700439453125,1377.1800537109375,1377.1800537109375,3476563,0.0,0.0
2026-01-05 00:00:00+08:00,1385.0,1431.8800048828125,1385.0,1426.0,1426.0,7094942,0.0,0.0
2026-01-06 00:00:00+08:00,1432.550048828125,1436.969970703125,1416.530029296875,1428.010009765625,1428.010009765625,3958618,0.0,0.0
2026-01-07 00:00:00+08:00,1432.8800048828125,1435.0,1420.199951171875,1423.3599853515625,1423.3599853515625,2968380,0.0,0.0
2026-01-08 00:00:00+08:00,1423.3299560546875,1423.3599853515625,1408.1400146484375,1412.300048828125,1412.300048828125,2913454,0.0,0.0
2026-01-09 00:00:00+08:00,1417.0,1428.5999755859375,1416.010009765625,1419.0999755859375,1419.0999755859375,2984774,0.0,0.0
2026-01-12 00:00:00+08:00,1419.0999755859375,1431.0,1417.0999755859375,1423.22998046875,1423.22998046875,3608266,0.0,0.0
2026-01-13 00:00:00+08:00,1426.7900390625,1429.52001953125,1408.989990234375,1411.0,1411.0,3916866,0.0,0.0
2026-01-14 00:00:00+08:00,1411.0,1422.25,1396.1800537109375,1398.010009765625,1398.010009765625,5175797,0.0,0.0
2026-01-15 00:00:00+08:00,1396.02001953125,1402.8299560546875,1388.5799560546875,1388.8900146484375,1388.8900146484375,4090714,0.0,0.0
2026-01-16 00:00:00+08:00,1395.0,1397.5,1380.0,1382.0,1382.0,5512068,0.0,0.0
2026-01-19 00:00:00+08:00,1381.9000244140625,1387.489990234375,1375.0,1376.0,1376.0,4228640,0.0,0.0
2026-01-20 00:00:00+08:00,1379.5,1381.5799560546875,1372.050048828125,1373.550048828125,1373.550048828125,3648443,0.0,0.0
2026-01-21 00:00:00+08:00,1373.56005859375,1374.4000244140625,1350.0,1351.06005859375,1351.06005859375,6451625,0.0,0.0
2026-01-22 00:00:00+08:00,1352.010009765625,1361.760009765625,1337.47998046875,1340.06005859375,1340.06005859375,5901089,0.0,0.0
2026-01-23 00:00:00+08:00,1340.0999755859375,1348.0,1332.469970703125,1337.0,1337.0,6194890,0.0,0.0
2026-01-26 00:00:00+08:00,1340.510009765625,1355.0,1325.1199951171875,1342.0,1342.0,8016606,0.0,0.0
2026-01-27 00:00:00+08:00,1344.97998046875,1353.699951171875,1338.0,1343.010009765625,1343.010009765625,4841596,0.0,0.0
2026-01-28 00:00:00+08:00,1343.0400390625,1346.7099609375,1322.010009765625,1323.68994140625,1323.68994140625,7621801,0.0,0.0
2026-01-29 00:00:00+08:00,1335.0,1445.0,1329.06005859375,1437.719970703125,1437.719970703125,18953440,0.0,0.0
2026-01-30 00:00:00+08:00,1435.0,1435.0,1401.0,1401.0,1401.0,9447974,0.0,0.0
2026-02-02 00:00:00+08:00,1425.0,1458.5799560546875,1411.6199951171875,1427.0,1427.0,8572427,0.0,0.0
2026-02-03 00:00:00+08:00,1445.0,1476.81005859375,1443.030029296875,1474.9200439453125,1474.9200439453125,8632066,0.0,0.0
2026-02-04 00:00:00+08:00,1485.0,1533.27001953125,1474.0,1525.0,1525.0,10912293,0.0,0.0
2026-02-05 00:00:00+08:00,1520.0,1565.0,1515.0,1555.0,1555.0,9162274,0.0,0.0
2026-02-06 00:00:00+08:00,1555.0,1568.0,1505.8800048828125,1515.010009765625,1515.010009765625,7896538,0.0,0.0
